questionId,questionText
1,¿Cuáles de los siguientes modos de apertura en fopen() permiten escribir datos dentro de un archivo?
2,¿Qué funciones se pueden utilizar para leer datos desde un archivo de texto en C?
3,"Sobre la función fclose(), ¿cuáles de las siguientes afirmaciones son verdaderas?"
4,¿Cuáles de las siguientes opciones son válidas para posicionar o consultar el puntero interno dentro de un archivo?
5,"¿Qué sucede si intentas abrir un archivo inexistente utilizando el modo ""r"" mediante fopen(""datos.txt"", ""r"")?"
6,"A los productos de vidrio después de formados, se les aplica un tratamiento de recocido en torno a los 1500ºC para eliminar tensiones"
7,"Al aumentar el tamaño de partícula, la fricción interparticular aumenta"
8,Con el proceso de sinterización por chispas se consigue una fusión de los polvos
9,"Cuando el vidrio templado se rompe, se desintegra en numerosos fragmentos pequeños"
10,Cuando se utilizan moldes abiertos usualmente se habla de piezas moldeadas
11,"Cuando un material sufre una deformación plástica aumenta su dureza, pero la acritud disminuye al aumentar la temperatura"
12,"Cuando un metal se deforma en frío, aumenta la conductividad eléctrica"
13,"Cuando un metal se deforma en frío, el aumento del límite de elasticidad es proporcionalmente menor que el aumento de la resistencia a la tracción"
14,"Cuando un metal se deforma en frío, la ductilidad disminuye de forma muy acusada en el primer 10% de reducción"
15,"Cuando un metal se deforma en frío, la dureza aumenta con mayor rapidez en el primer 10% de reducción"
16,"Cuanto mayor es la deformación previa de un metal, más baja es la temperatura necesaria para provocar la recristalización"
17,Durante la embutición se produce un movimiento lineal del material
18,Durante la laminación El coeficiente de rozamiento varía en sentido inverso a la velocidad exterior de los rodillos
19,Durante los procesos de conformado por deformación plástica El exponte de endurecimiento de las aleaciones de cobre recocido es menor que el de los aceros aleados
20,Durante los procesos de deformación en frío se obtiene una disminución del tamaño de grano
21,"Durante los procesos de deformación plástica, el crecimiento lineal de la resistencia a la tracción es menor que el del límite elástico"
22,"Durante los trabajos de deformación en caliente, la velocidad de deformación tiene una influencia importante y su efecto sobre la tensión instantánea de deformación se denomina “sensibilidad a la velocidad de deformación”"
23,Durante una pasada de laminación en caliente se pueden alcanzar reducciones de espesor de hasta un 50%
24,El acuñado es una operación de compresión para aumentar la densidad de las piezas sinterizadas
25,"El agrietamiento en caliente se produce cuando un molde, restringe la contracción de la fundición después de la solidificación"
26,El ángulo de desbaste de laminación debe disminuirse si aumenta el coeficiente de rozamiento
27,El bobinado de filamentos implica el uso de refuerzos de fibra de mechas tejidas
28,El comienzo de la recristalización viene indicado por una disminución del límite elástico
29,"El conformado plástico, en el caso de cerámicas tradicionales, requiere que la mezcla inicial tenga un contenido de agua de más del 50%"
30,El corte con agua es un proceso adecuado para los materiales compuestos de matriz polimérica
31,El curado de los plásticos termoestables produce un cambio químico permanente en su estructura molecular
32,El estirado se utiliza principalmente para barras de sección rectangular o cuadrada
33,El factor de empaquetamiento de los polvos utilizados en la pulvimetalurgia es la relación entre la densidad volumétrica y la densidad real
34,El factor de empaquetamiento de los polvos utilizados en la pulvimetalurgia tiene un valor aproximadamente igual a 1
35,"El factor de empaquetamiento de los polvos utilizados en la pulvimetalurgia, depende de la distribución de los tamaños de las partículas"
36,"El llenado incompleto, en una fundición, se produce cuando dos porciones de metal, fluyen al mismo tiempo pero hay una falta de fusión entre ellos"
37,"El método de aplicación manual, en la fabricación de PMC, un molde positivo con superficie lisa producirá un buen acabado en la superficie externa"
38,El molde de termoformado cuya forma es convexa es un molde negativo
39,El molde utilizado en el prensado isóstatico en caliente se hace de láminas de metal
40,El molde utilizado en el prensado isóstatico en frío se hace de láminas de metal
41,"El moldeo o vaciado deslizante es un proceso de conformado, en cerámicas tradicionales, que utiliza un mezcla con un 25-40% aproximadamente de agua"
42,El moldeo por compresión está limitado a polímeros termoplásticos
43,El moldeo por soplado y extrusión de polímeros tiene una velocidad de producción mas baja que el moldeo por inyección y soplado
44,El moldeo rotacional de polímeros usa la fuerza centrífuga para hacer formas huecas
45,El nombre de molde de arena en verde se da porque el molde contiene humedad
46,"El óxido de aluminio y el silicato de aluminio, se vuelven plásticos y fáciles de formar cuando se mezclan con cantidades adecuadas de agua"
47,El prensado isostático en caliente realiza en un solo paso el prensado y la sisnterización
48,El prensado isostático en frío no requiere operaciones de formado y acabado antes o después del sinterizado
49,"El prensado seco, en el caso de cerámicas tradicionales, utiliza mezclas que tienen una gran plasticidad"
50,El proceso Colburn se utiliza para producir tubos de vidrio
51,El proceso Danner se utiliza para el formado de fibras de vidrio
52,El proceso de centrifugado del vidrio se utiliza para fabricar componentes en forma de embudo
53,El proceso de centrifugado del vidrio se utiliza para fabricar espejos astronómicos
54,El proceso de centrifugado del vidrio se utiliza para fabricar platos
55,El proceso de conformado de plásticos por termoformado es similar a la pultrusión en la fabricación de PMC
56,El proceso de extrusión de película soplada no está asociado a la producción de láminas plásticas y películas
57,El proceso de forja en prensa es más rápido que el forjado a martillo
58,"El proceso de formado de los polímeros reforzados con fibra en molde abierto aplicado por aspersión, limita el contenido de fibra a un 35%"
59,El proceso de pultrusión es un proceso de conformado de material sinterizado
60,El proceso de recalcado se realiza más por un presión de aplastamiento que por una fuerza de impacto
61,El pulformado es una variante del proceso de pultrusión para formas curvas
62,El recalcado es un proceso que se realiza por una fuerza de impacto más que por una presión de aplastamiento
63,El recalcado es un tipo de forja que aumenta la longitud de la pieza
64,El recalcado se realiza mediante una presión de aplastamiento
65,El rechupe es una cavidad que se forma en las fundiciones de metales y aleaciones debido a la segregación
66,El rechupe ocurre frecuentemente en la parte inferior de la fundición
67,El reprensado es una operación de prensado sobre una pieza sinterizada para imprimir detalles en su superficie
68,El sinterizado del carburo de volframio en un aglutinante de Co (WC-Co) implica el sinterizado en fase líquida
69,"El sinterizado en estado sólido es un proceso similar al sinterizado convencional, diferenciándose en que no tiene lugar la etapa de sinterización"
70,El soplado del vidrio es un procedimiento manual
71,El tallo de bambú es uno de los defectos asociados al moldeo por inyección
72,El término pieza en verde se refiere en cerámica a una pieza que ha sido conformada pero que todavía no ha sido cocida
73,El término temperatura de recristalización se refiere a una temperatura definida por debajo de la cual no se presenta este fenómeno
74,El término temperatura de recristalización se refiere a una temperatura por debajo de la cual no se produce este fenómeno
75,El termoformado es un proceso de conformado que se utiliza para plásticos termoestables
76,El tonelaje de los plásticos actualmente fabricados es mayor que el de los metales
77,El trabajo en frío de un metal supone un aumento de alargamiento
78,El trabajo en frío de un metal supone un aumento de ductilidad
79,El trabajo en frío de un metal supone un aumento de resistencia a la tracción
80,El trabajo en frío de un metal supone un aumento del límite elástico
81,El trefilado se aplica a barras de 4-6 m de longitud y diámetro superior a 10mm
82,El trefilado se utiliza principalmente para barras de sección rectangular o cuadrada
83,El uso de un parison se asocia con el proceso de conformado de moldeo por soplado
84,"El vidriado, en las cerámicas tradicionales, es un proceso en el que se producen reacciones químicas entre los componentes de la mezcla, formándose una fase vítrea entre los cristales"
85,El vidrio fundido es un líquido viscoso cuya viscosidad es directamente proporcional a la temperatura
86,El vidrio templado es un vidrio al que se le ha sometido a un tratamiento de temple para desarrollar un modelo conveniente de tensiones internas
87,El vidrio tiene estructura cristalina
88,"En el contexto de los polvos metálicos, factor de empaquetamiento = 10 – porosidad"
89,"En el método de atomización para la producción de polvos metálicos, la desventaja de usar agua es la oxidación en la superficie de la partícula"
90,"En el moldeo de polímeros por transferencia, los materiales de desecho producidos son fácilmente reutilizables"
91,"En el moldeo por inyección de polímeros el tornillo de extrusión, además de mezclar y calentar el polímero, actúa como embolo para empujarlo"
92,En el moldeo por inyección de polvos utilizados en el conformado de los nuevos cerámicos las partículas cerámicas se mezclan con polímeros termoplástico para proporcionar las características apropiadas de flujo
93,"En el moldeo rotacional, la fuerza centrifuga se usa para forzar que el polímero fundido se adapte a las superficies de la cavidad del molde donde ocurre la solidificación"
94,"En el paso de precalentamiento, en el tratamiento de sinterización, se queman los aglomerantes"
95,En el prensado en caliente de los nuevos cerámicos se resliza simultáneamente el prensado y el sinterizado
96,En el prensado isostático en frío se usa agua o aceite para ejercer la presión contra el molde
97,En el prensado isostático en frío se usa gas para ejercer la presión contra el molde
98,En el proceso Colburn de estirado de vidrio plano se utiliza una matriz que tiene una rendija estrecha
99,"En el proceso de atomización para la producción de polvos metálicos, cuando se utiliza agua el enfriamiento es más rápido"
100,"En el proceso de atomización para la producción de polvos metálicos, cuando se utiliza gas inerte el enfriamiento es más rápido"
101,"En el proceso de bobinado de filamentos, la incorporación de los agentes de refuerzo a la matriz polimérica tiene lugar antes del proceso de conformado"
102,En el proceso de flotación para la formación de vidrio plano se obtiene una superficie lisa que no necesita acabados subsecuentes
103,En el proceso de fundición en molde semipermanente se utilizan moldes metálicos
104,"En el proceso de hilado húmedo para obtener fibras, el polímero inicial es una solución cuyo solvente puede separarse por evaporación"
105,"En el proceso de laminación, la presión máxima aumenta con el coeficiente de rozamiento"
106,"En el proceso de laminación, la presión máxima es proporcional al diámetro de los cilindros"
107,"En el proceso de laminación, si el ángulo de desbaste es muy pequeño el metal se alabeará"
108,"En el proceso de sinterización en fase liquida se utilizan polvos metálicos, que se calientan hasta que se funden para mejorar la densidad"
109,"En el producto final de un material cerámico nuevo policristalino, la resistencia aumenta con el tamaño de grano"
110,En el secado por precipitación de una solución se logra una mayor homogeneidad en los polvos de los nuevos cerámicos
111,En el tamaño de la partícula que puede pasar a través de una criba se obtiene por el recíproco del número de malla de la criba
112,"En el trabajo en caliente puede dejarse el material a dimensiones, dentro de un estrecho margen de tolerancias"
113,"En fundición, las costras se producen por la erosión del molde de arena durante la colada"
114,"En la caracterización de los polvos utilizados en sinterización, el método de cribado tiene un límite superior de 400 mallas"
115,"En la caracterización de los polvos utilizados en sinterización, un número alto de malla indica menor tamaño de partícula"
116,"En la carga que se introduce en el horno, antes del formado, en la fabricación del vidrio, hay vidrio reciclado"
117,"En la compactación isostática en frío, el molde se fabrica habitualmente de acero para herramientas"
118,"En la etapa de mezcla de polvos, en un proceso de pulvimetalurgia, no es aconsejable que los polvos se sometan a vibración"
119,"En la etapa de mezcla de polvos, en un proceso de pulvimetalurgia, se utiliza estearato de cinc y aluminio como desfloculante"
120,En la extrusión hidrostática el punzón no empuja directamente el tocho de material
121,"En la fabricación de las cerámicas tradicionales, en la primera fase del secado no se produce contracción"
122,"En la fabricación de las cerámicas tradicionales, la segunda fase del secado es más lenta que la primera"
123,"En la fabricación de nuevos cerámicos, en el conformado se utiliza el agua como aglomerante para conseguir una buena plasticidad, y facilitar el conformado de piezas en verde"
124,"En la fase de restauración del proceso de recocido, se reagrupan las dislocaciones produciéndose movimientos de borde de grano"
125,En la forja por estampación no hay material sobrante que recortar
126,En la forja por recalcado no hay material sobrante que recortar
127,En la fundición en moldes de yeso el molde está hecho de SiO2 + Al2O3
128,"En la producción de láminas y películas de polímeros termoplásticos con matriz de rendija, se conduce la extrusión a un baño de enfriamiento con agua o sobre rodillos refrigerados, para alcanzar altas velocidades de producción"
129,"En la producción de piezas metálicas por sinterización, la fuerza básica que dirige el proceso es la aplicación de tensiones de compresión"
130,En la producción de polvos metálicos por atomización sólo pueden obtenerse partículas de metal puro
131,"En la sección dosificadora de una máquina de extrusión de tornillo simple, se desarrolla la presión necesaria para bombear el material a través del orificio de la matriz"
132,En la sinterización cuanto menor sea el tamaño de las partículas más uniforme será la contracción que experimenten las piezas
133,En la sinterización en fase líquida se consiguen piezas altamente densificadas
134,En la sinterización en fase líquida se obtiene una mayor densificación
135,"En la solidificación de una aleación de composición eutéctica, la solidificación se produce a una temperatura constante"
136,"En las cerámicas tradicionales se utiliza como materia prima, para aumentar la plasticidad, alúmina y sílice"
137,En los hornos de sinterización se añaden lubricantes para reducir la fricción entre las partículas
138,En los procesos de conformado por deformación en frío se obtienen tolerancias geométricas más pequeñas que en los realizados en caliente
139,"En los procesos de deformación, al aumentar la velocidad de deformación aumenta el esfuerzo de deformación necesario"
140,"En los procesos de laminación, el ángulo de desbaste es directamente proporcional a la velocidad de la superficie exterior de los rodillos"
141,"En los procesos de laminación, el coeficiente de rozamiento es inversamente proporcional a la velocidad de la superficie exterior de los rodillos"
142,"En los procesos de pulvimetalurgia, el tratamiento de sinterización se realiza a una temperatura comprendida entre 0,7 y 0,9 del punto de fusión del metal en ºC"
143,"En los procesos de sinterización, los tamaños de partículas más pequeños generalmente muestran mayor fricción"
144,"En pulvimetalurgia, cuando hay polvos de varios tamaños, el factor de empaquetamiento es mayor que cuando los polvos son de igual tamaño"
145,"En sinterización, la densidad volumétrica es la densidad de los polvos en estado suelto, después del vaciado"
146,"En sinterización, la densidad volumétrica es la densidad del material si los polvos se fundieran en una masa sólida"
147,"En sinterización, la densidad volumétrica es menor que la densidad real"
148,En un polímero fundido la viscosidad decrece con la velocidad de corte
149,"En una fundición, para fomentar la solidificación direccional, se puede utilizar enfriadores"
150,"En una operación de moldeo, el metal líquido se vierte en el molde cerrado a través de la mazarota"
151,Frecuentemente se practican operaciones de impregnación o infiltración a las piezas sinterizadas que van a estar en contacto con soluciones químicas
152,"Frecuentemente, en el moldeo con bolsa de materiales compuestos de matriz polimérica, se añade calor"
153,"Inmediatamente después del vertido de un metal puro, en estado líquido, en el molde se forma en sus paredes una capa de granos de metal sólido gruesos y orientados hacia el centro"
154,La “piel de cocodrilo” es un defecto de los procesos de conformación de materiales metálicos que se caracteriza por una superficie resquebrajada
155,La acuñación de monedas es un proceso de conformado por deformación en caliente
156,La baja permeabilidad es una de las posibles causas de las sopladuras
157,La cavidad del molde de fundición debe hacerse ligeramente sobredimensionada para permitir la contracción durante la solidificación
158,La cavidad por contracción se puede resolver con un buen diseño de la mazarota
159,La deformación en frío requiere menor energía que la deformación en caliente
160,La densidad en verde es la densidad de los polvos antes del prensado
161,La densidad en verde es la densidad de los polvos antes del sinterizado
162,La embutición se utiliza para fabricar formas huecas a partir de chapas planas
163,La etapa de secado se puede omitir en los nuevos cerámicos
164,La extrusión directa en frío usa un fluido para transmitir la fuerza desde el punzón empujador al disco
165,La extrusión directa presenta menos problemas de rozamiento que la indirecta
166,La extrusión hidrostática se realiza solo en caliente
167,La extrusión indirecta no requiere tanta fuerza como la extrusión directa
168,La extrusión indirecta requiere menor fuerza que la directa
169,La extrusión por manguete se realiza en caliente
170,La forja en caliente por martillado se conoce normalmente como forja por estampación
171,La fuerza básica que mueve la sinterización es el aumento de la energía superficial
172,"La fuerza que mueve la sinterización, dentro de un proceso pulvimetalúrgico, será tanto mayor cuanto mas fino sea el polvo inicial"
173,La fundición a alta presión es un proceso de fundición en coquilla
174,La fundición es un proceso de fabricación de vidrio que se usa para alta productividad
175,La fusión del vidrio se lleva a cabo generalmente a temperaturas entre 1500 y 1600ºC
176,La impregnación es una operación en que se llenan los poros de las piezas sinterizadas con un metal fundido
177,La infiltración es una operación en que se llenan los poros de las piezas sinterizadas con un metal fundido
178,La mazarota sumergida está completamente cerrada dentro del molde de arena y conectada a la cavidad principal por un canal que alimenta el metal fundido
179,La metalurgia de los polvos no tiene limitaciones en cuanto a la forma de las piezas
180,"La pérdida de material que se produce en los procesos de conformado por sinterización, es aproximadamente igual que la pérdida experimentada en el proceso de fundición"
181,La preparación de la arena para la fabricación del vidrio implica una fase de lavado para eliminar algunos minerales que le pueden dar colores indeseables
182,La principal ventaja que tiene el proceso de forja sobre el mecanizado es que se produce una estructura fibrosa más tenaz
183,La recristalización es un fenómeno que se caracteriza por un reagrupamiento de dislocaciones
184,La restauración consiste en un reagrupamiento de dislocaciones sin movimiento de bordes de grano
185,"La selección del material apropiado para modelos, depende, en gran parte, de la cantidad total de fundiciones a producir"
186,La temperatura de recristalización de un material depende del grado de deformación
187,La temperatura de recristalización es una propiedad que solo depende de la composición química y de la microestructura de los materiales
188,"La temperatura de recristalización es una temperatura aproximada, a la cual un material con una acritud determinada recristaliza completamente en una hora"
189,La temperatura final del trabajo en caliente determinará el tamaño de grano que tendrá el material en el posterior trabajo en frío
190,La velocidad de producción por el método de extrusión de láminas de película soplada es bajo
191,La viscosidad de un plástico fundido para moldeo disminuye cuando aumenta la velocidad de flujo
192,La viscosidad de un polímero fundido aumenta con la velocidad de corte y desciende con la temperatura
193,"La viscosidad de un polímero fundido está afectada por la temperatura, pero no por la velocidad de flujo"
194,Las aleaciones solidifican a una temperatura constante
195,Las operaciones de mecanizado pueden implicar procesos de deformación plástica de los materiales metálicos
196,Las piezas de nuevos cerámicos hechas por moldeo por inyección de polvos son muy vulnerables a grietas microestructurales
197,Las piezas de vidrio con tratamiento térmico de temple presentan una distribución de tensiones internas que hacen que al romperse se formen fragmentos relativamente grandes
198,Las piezas de vidrio obtenidas por fundición deben enfriarse rápidamente para evitar tensiones internas
199,Las piezas de vidrio obtenidas por fundición no necesitan esmerilarse ni pulirse
200,Las piezas sinterizadas obtenidas por prensado isostático en frío tienen una buena precisión dimensional
201,Las venas segregadas es un defecto que aparece en la palanquilla fabricada por colada continua
202,Los aglutinantes son aditivos que se añaden a los polvos para lograr mayor resistencia en las piezas prensadas pero no sinterizadas
203,Los aglutinantes son aditivos que se añaden a los polvos para lograr mayor resistencia en las piezas sinterizadas
204,Los ángulos de reposo más grandes indican una mayor fricción entre las partículas utilizadas para formar una pieza por pulvimetalurgia
205,Los defloculantes son aditivos que se añaden a los polvos para mejorar las características de flujo durante la alimentación
206,Los difusores de los faros de los coches se fabrican por el proceso de prensado del vidrio
207,Los enfriadores se utilizan frecuentemente en secciones de la fundición que son difíciles de alimentar con metal líquido
208,Los gránulos fríos se producen por que la colada se hace muy lentamente
209,Los metales puros solidifican a una temperatura constante
210,"Los nuevos cerámicos se basan en la arcilla, que es susceptible de adquirir plasticidad al mezclarse con agua"
211,"Los nuevos cerámicos, formados por óxidos, carburos y nitruros, se mezclan con agua para conseguir una buena plasticidad"
212,Los parabrisas de los automóviles se fabrican con vidrio templado
213,Los parabrisas de los automóviles se fabrican intercalan dos piezas de vidrio templado en ambos lados de una lámina de polímero tenaz
214,Los plásticos termoplásticos durante su calentamiento y conformado sufren un proceso de curado
215,"Los polvos elementales, utilizados en la pulvimetelurgia, se deforman más fácilmente que los polvos prealeados"
216,"Los polvos iniciales para fabricar los nuevos cerámicos, tienen que ser más homogéneos en tamaño y composición que los utilizados en las cerámicas tradicionales"
217,Los prepregs son fibras impregnadas con resinas termoestables totalmente curadas
218,Los procesos de conformado en frío se realizan a temperatura ambiente
219,Los procesos de conformado en frío se realizan mediante deformaciones elásticas
220,Los procesos de conformado por deformación en frío presentan un peor acabado superficial que los procesos en caliente
221,Los procesos de conformado por deformación mejoran la resistencia y ductilidad de los materiales
222,Los procesos de deformación en caliente permiten obtener grandes deformaciones y facilitan la homogeneidad del material
223,Los procesos de forja en caliente no presentan límite teórico de deformación
224,"Los procesos de prensado y soplado se adaptan mejor a la producción de envases para bebida de cuello angosto, mientras que los procesos de soplado y soplado se adaptan mejor a la producción de tarros con cuello ancho"
225,"Los puntos de alfiler en una fundición, se producen cuando la fluidez del metal líquido es muy alta"
226,Los termoplásticos una vez curados no pueden fundirse a través de calentamiento
227,Los trabajos de deformación en frío permiten ajustar el tamaño de grano
228,"Los vacíos internos en la estructura de una partícula, en un volumen de polvos sueltos, se denominan poros abiertos"
229,Mediante el proceso de calandrado de materiales termoplásticos se obtienen láminas y películas
230,Mediante el proceso de calandro de materiales termoplásticos se obtienen películas con baja precisión de calibración
231,No se pueden fabricar piezas de volframio por sinterización pues su temperatura de fusión es muy elevada
232,"Para compensar la contracción por solidificación producida en una fundición, se utilizan bebederos"
233,"Para compensar la contracción por solidificación producida en una fundición, se utilizan mazarotas"
234,"Para conformar piezas de vidrio relativamente planas, como un plato, se utiliza el prensado del vidrio"
235,Para el calentamiento de los plásticos se requiere menos energía que para los metales
236,Para el formado de fibras de vidrio se puede utilizar el estirado de filamentos continuos
237,"Para fabricar productos huecos de servicio, como jarras, se utiliza el proceso de conformados de cerámicas tradicionales denominado vaciado drenado"
238,Para la producción de botellas de vidrio de boca ancha se utiliza el procedimiento de soplado-soplado
239,Para la producción de recipientes de boca ancha se utiliza el procedimiento de prensado-soplado
240,"Para materiales, como el PVC rígido, se suele utilizar extrusores de tornillo doble"
241,"Para minimizar las contracciones producidas en la solidificación de los metales, es conveniente que solidifiquen primero aquellas zonas más distantes de la fuente de alimentación de metal líquido, y que la solidificación progrese desde estas zonas hacia la mazarota"
242,Para proporcionar metal líquido durante el enfriamiento de un metal y compensar la contracción por solidificación se utilizan bebederos
243,Para reducir la fricción entre las partículas utilizadas en la sinterización frecuentemente se añaden lubricantes
244,"Para un peso dado de polvo metálico, la superficie total del área de los polvos se incrementa para un menor factor de forma"
245,Se define como deformación crítica el valor mínimo de la deformación necesario para que se pueda producir la recristalización de un metal
246,Se denominan polvos cerrados a los espacios que se encuentran entre las partículas en un volumen de polvos sueltos
247,Si la longitud del objeto que se embute es más profunda que su anchura el proceso se denomina embutición profunda
248,Un aumento de la velocidad de deformación provoca un menor aumento de la resistencia del material
249,"Un defecto típico de un proceso de extrusión es la piel de tiburón, que puede ser causado por una aguda sección en la entrada de la matriz originando un flujo turbulento"
250,Un ejemplo de embutición poco profunda o de caja sería la producción de cazos caseros
251,Un inconveniente que presenta la sinterización en fase líquida es que hay que calentar a temperaturas muy altas para conseguir la fusión de todos los metales
252,Un inconveniente que tiene el prensado en caliente es el mantenimiento de un control atmosférico en el proceso
253,Un macho es un duplicado de la pieza que se quiere moldear
254,Un macho es el molde de las superficies interiores de una pieza moldeada
255,Un macho es un modelo de tamaño natural de las superficies interiores de la pieza
256,"Un método que normalmente se utiliza para obtener cortinas para baño, cubiertas de piscinas, etc, es el calandrado"
257,Una aplicación del proceso de infiltración son los cojinetes autolubricantes
258,"Una causa de un llenado incompleto en una fundición, es que la sección transversal de la cavidad del molde sea muy delgada"
259,"Una de las misiones que tiene el plato rompedor o placa rompedora que se encuentra en la parte final de la maquina convencional de extrusión de tornillo simple, es filtrar contaminantes y terrones duros de la fusión"
260,Una de las ventajas de la fundición es que se pueden obtener piezas con una gran precisión dimensional
261,Una de las ventajas de las piezas metálicas obtenidas por moldeo es la posibilidad de obtener piezas de geometría compleja
262,Una de las ventajas de las piezas metálicas obtenidas por moldeo es su excelente acabado superficial
263,"Una propiedad de los polímeros fundidos es el índice de flujo de la fusión, que relaciona el flujo y la viscosidad característica de un fluido"
264,"Una propiedad de los polímeros fundidos, es el índice de flujo de la fusión que relaciona el flujo y la viscosidad característica del polímero"
265,Una ventaja del conformado de los metales en frío es que resultan estructuras de grano más uniforme y resistencias menores
266,Una ventaja que presenta el prensado isostático de polvos frente al convencional es que se obtiene un compacto con una densidad más homogénea
267,"Uno de los inconvenientes que presenta la metalurgia de los polvos, es que no pueden automatizarse sus procesos"
268,"Para lograr que el material de aporte fluya a através de la superficie metálica en una unión metal-cermámica, una posible solución es la metalización del material cerámico"
269,El calibrado es una operación de prensado sobre una pieza sinterizada para imprimir detallos en su superficie
270,"En el proceso de moldeo mediante inyección de polvos, inmediatamente después de la etapa de desmoldeo se realiza el sinterizado"
271,"En el proceso de conformado de los cerámicos tradicionales, el vaciado deslizante es el que utiliza mayor cantidad de agua"
272,"En la fabricación de cerámicas tradicionales, las materias primas son de alta pureza"
273,Tras el conformado en caliente el proceso de restauración es previo a la recristalización
274,Las mazarotas utilizadas en los procesos de moldeo por fundición de materiales metálicos definen la forma intera de una fundición
275,Cuando el vidrio recocido se rompe lo hace desintegrándose en numerosos fragamentos pequeños
276,Una de las ventajas que presenta la metalurgia de polvos es el fácil manejo y almacenamiento de la materia prima
277,"En el proceso de producción de polvos metálicos por atomización para la sinterización, no se utiliza agua por la posible corrosión que puede producir"
278,"Además de ayudar a preservar el medio ambiente, el uso de vidrio reciclado en la fabricación del vidrio, hace la carga más fácil de fundir"
279,La infiltración es una operación en que se llenan los poros de las piezas sinterizadas con aceite
280,Una desventaja que presenta el moldeo de metales es que no se pueden obtener piezas de más de 100 toneladas
281,"El tratamiento de recocido en los producios de vidrio elimina las tensiones, lo cual provoca que las roturas de las piezas se produzcan en multitud de fragmentos"
282,Mediante el proceso de compactación en caliente podemos evitar la fase de sinterización en la fabricación de piezas mediante metalurgia de polvos
283,El acuñado de piezas sinteriozadas es una variante de la impregnación
284,Los polímeros fundidos se comportan como un líquido newtoniano
285,En la fabricación mediante metalurgia de polvos de piezas que contienen carburos cementados la sinterización se produce en fase sólida
286,"En los procesos de laminación, la presión de laminación se define como la diferencia de … de la pieza antes y después de pasar por los rodillos de laminación"
287,Los procesos de extrusión están especialmente indicados para la fabricación de perfiles
288,Durante la solidificación que se desarrolla en el proceso de forja se produce generalmente segregación en forma dendrítica
289,"En el moldeo de plásticos por extrusión, a la salida de la matriz, la sección de la pieza extruida será mayor que la sección de la matriz"
290,"En la producción de piezas metálicas por sinterización, el moldeo por inyección de polvos permite obtener piezas con mayor densidad"
291,"En los procesos de laminación, las mayores reducción de espesor se obtienen con rodillos de mayor diámetro y girando lentamente"
292,"El PET utilizado en la fabricación de botellas de agua, cuando está en estado líquido, se le considera un fluido pseudoplástico"
293,Los neumáticos de automóvil son un material compuesto de matriz polimérica donde la matriz es un polímero termoplástico
294,El moldeo a la cera perdida permite obtener piezas de elevada precisión dimensional
295,"En los cerámicos tradicionales, en la etapa 2 del secado, las piezas reducen su volumen entre el 10-20%"
296,"En el proceso de flotación, en la fabricación de vidrio plano, se utiliza plomo líquido"
297,La acritud obtenida como consecuencia de un proceso de deformación supone un aumento del módulo elástico
298,Los moldes utilizados en el moldeo por inyección a alta presión se fabrican con aceros aleados templados y revenidos
299,"En pulvimetalurgia, durante la compactación, se produce una reordenación de las partículas, se eliminan los puentes formados durante el llenado, se reduce el espacio de los poros y se incrementa el número de puntos de contacto"
300,"El acero laminado en frío, con una superficie gris brillante, se llama acero blanco"
301,"El adobe está fabricado a partir de una mezcla de barro, cal, arena, agua y paja y después secado al sol"
302,Una de las ventajas del conformado por moldeo en arena es que se pueden obtener piezas con una gran precisión dimensional
303,Los anclajes de los machos para la fabricación de fundición gris suelen ser de acero
304,La contracción que se produce durante la solidificación de una pieza moldeada de Al-Si es aproximadamente de un 5%
305,La colada en molde abierto no requiere que se utilicen mazarotas
306,"En moldeo, un macho de arena puede desplazarse hacia arriba durante la colada al tener menor densidad que el metal líquido"
307,"En pulvimetalurgia, cuanto más fino sea el polvo inicial, más alta será la superficie del área inicial y más grande la fuerza básica de sinterización para la reducción de la energía superficial"
308,El hormigón es cemento reforzado con barras o mallas de acero
309,La fabricación de tubos de vidrio se realiza habitualmente por el proceso de colada por gravedad
310,El PET es el polímero más utilizado para fabricar botellas de plástico por el proceso de extrusión y soplado
311,"En pulvimetalurgia, los lubricantes inhiben la aglomeración de los polvos para mejorar sus características de flujo durante el llenado de las matrices"
312,"En pulvimetalurgia, los polvos prealeados se usan cuando existen dificultades en formular la aleación mediante la mezcla de polvos elementales"
313,La extrusión hidrostática en frío usa un fluido para transmitir la fuerza desde el punzón empujador al disco
314,"De acuerdo con la ecuación de Hollomon, la tensión necesaria para que un aluminio puro (coeficiente de resistencia 250 MPa y coeficiente de endurecimiento 0,2) que ha sufrido una deformación de 0,08 pueda seguir deformando, tiene que ser superior a 150 MPa"
315,El tallo de bambú es un defecto asociado al moldeo por inyección de polímeros
316,"La compactación isostática en caliente previa a la sinterización, se utiliza tanto en metales como en cerámicos"
317,"De acuerdo con la ecuación de Hollomon, el aluminio alcanzará valores de deformación plástica superiores al acero inoxidable austenítico"
318,Los metales porosos con celdas abiertas se llaman esponjas
319,"Las aleaciones de níquel con elevada resistencia a la corrosión, se moldean bien en coquilla porque tienen un punto de fusión bajo"
320,"En los cerámicos tradicionales, la pulverización de la materia prima se puede hacer por precipitación o por electrolisis"
321,"En la carga que se introduce en el horno de fusión para la fabricación del vidrio, suele haber un porcentaje de vidrio reciclado"
322,"Durante el conformado por deformación en caliente del acero al carbono, las tensiones de trabajo superan el valor del límite elástico del acero a la temperatura del conformado"
323,"En la laminación de una chapa de acero, la velocidad de deformación es inversamente proporcional a la longitud de la superficie de la chapa en contacto con los rodillos de laminación"
324,"La sinterización es la última etapa del proceso pulvimetalúrgico, consistente en un calentamiento a alta temperatura para unir las partículas individuales en una masa compacta"
325,"Las roturas internas en el conformado por deformación plástica, se pueden producir por tensiones de conformado demasiado grandes o temperaturas demasiado bajas"
326,"En el moldeo a la cera perdida, el modelo original lo realiza el escultor en arcilla o escayola"
327,"En moldeo, el desbarbado consiste en un mecanizado de precisión en las zonas que requieran tolerancias estrechas"
328,"En pulvimetalurgia, una aleación, después de ser sinterizada, puede ser sometida a un tratamiento térmico"
329,"En el moldeo en arena, retractilidad es la capacidad del molde para permitir la contracción de la pieza sin que esta se agriete"
330,Las cucharas de colada trasladan el metal fundido desde el horno de fusión al molde
331,La obtención de metales amorfos se realiza a velocidades de enfriamiento de 103 ºC/s
332,El vidrio sufre un cambio de fase al templarse
333,"Engranajes, rodamientos y herramientas de corte son piezas que se fabrican por sinterización"
334,"La presencia de segregaciones e impurezas en una aleación, pueden generar gradientes de deformación y tensiones que den lugar a grietas y otros defectos en la pieza conformada por deformación"
335,Las grietas transversales de laminación se producen en chapas de acero al carbono cuando la temperatura de laminación es demasiado elevada
336,"La colada continua se utiliza para la fabricación de acero, pero no para otra aleaciones como el aluminio y el cobre"
337,Las aleaciones de aluminio son más ligeras que las aleaciones de magnesio
338,En la atomización de los polvos metálicos al aumentar la velocidad de la corriente del fluido se aumenta el tamaño de las partículas producidas
339,"El ángulo de desbaste, durante la laminación en caliente, suele estar entre 30 y 45º"
340,El moldeo hueco se utiliza para fabricar piezas de revolución como barras perforadas y tubos gruesos
341,"En los moldes de arena de capa seca, la superficie de la cavidad del molde de arena verde, se seca usando sopletes o lámparas de calentamiento"
342,En la extrusión indirecta se supone que el rozamiento del tocho con el contenedor es despreciable
343,Una de las ventajas del moldeo por inyección a alta presión es que no se producen rebabas en las piezas
344,"En los cerámicos tradicionales, una vez que la materia prima ha salido del molino de bolas se lleva a la trituradora de rodillos"
345,El moldeo hueco se utiliza para fabricar piezas que requieren una geometría interior muy precisa
346,En la sinterización por chispas (spark sintering) los punzones superior e inferior también sirven como electrodos
347,"Durante la deformación plástica, en el conformado en caliente, no se produce aumento de dureza"
348,El moldeo en cáscara deja un mejor acabado superficial en las piezas que el moldeo en arena
349,"En el moldeo de polímeros, las rebabas pueden estar causadas por presiones de inyección demasiado altas"
350,"En moldeo, para fomentar la solidificación direccional, se puede utilizar enfriadores"
351,La deformación plástica de una aleación supone un aumento del número de defectos puntuales y lineales dentro de la red metálica
352,La extrusión con falso bloque es una variante de la extrusión directa
353,"La colada centrífuga real produce piezas de revolución como tubos, barras y anillos"
354,Colabilidad es la capacidad de un metal de reproducir el molde de manera precisa sin presentar defectos
355,El tiempo de sinterización aplicado a piezas de W está en torno a 45 minutos
356,En los hornos de crisol el metal se mantiene en contacto con los gases de combustión
357,Los aceros BCC se conforman mejor que los aceros FCC
358,"De acuerdo con la ecuación de Hollomon, la tensión máxima que alcanza el cobre puro (coeficiente de resistencia 300 MPa y coeficiente de endurecimiento 0,5) es 212 MPa"
359,"En pulvimetalurgia, el factor de empaquetamiento = 1 – porosidad"
360,"De acuerdo con la ecuación de Hollomon, la tensión máxima que alcanza el acero inoxidable austenítico (coeficiente de resistencia 1200 MPa y coeficiente de endurecimiento 0,4) es 644 MPa"
361,"En pulvimetalurgia, las etapas que tienen lugar durante el tratamiento térmico de sinterizado en horno son: precalentamiento, sinterización y temple"
362,Una de las ventajas de las piezas metálicas obtenidas por moldeo en arena es su excelente acabado superficial
363,Se denominan poros cerrados a los espacios que se encuentran entre las partículas en un volumen de polvos sueltos
364,"La placa rompedora, utilizada en la extrusión de polímeros, tiene como misión completar la disolución de las cargas añadidas en la tolva y homogenizar la composición del polímero"
365,"En el moldeo en arena, permeabilidad es la capacidad del molde para permitir que los gases del interior pasen a través de los poros de la arena"
366,En el moldeo en estado semisólido coexisten una fase líquida y una fase sólida dendrítica
367,Los moldes de arena seca se cuecen en estufas a temperaturas entre 150-180ºC
368,En el proceso de flotación para la fabricación de vidrio plano se obtiene una superficie lisa que no necesita acabados adicionales
369,"La selección del material apropiado para modelos, depende, en gran parte, de la cantidad total de piezas a producir"
370,"Los filamentos para lámparas incandescentes de W se pueden fabricar por sinterización, pero hoy día es más económico fabricarlos por moldeo"
371,"Los MCMP fabricados por moldeo por inyección con reacción reforzada, están compuestos de una matriz termoplástica y fibras de refuerzo que, tras mezclarse, se inyectan dentro del molde"
372,Los polvos de titanio y plata se suelen obtener por precipitación a partir de sus sales disueltas en agua
373,El moldeo por microfusión permite obtener piezas de elevada precisión dimensional
374,Un enfriamiento muy rápido de un metal desde el estado líquido puede dar lugar a un metal amorfo
375,Los aceros moldeados tienen peor fluidez que las fundiciones blancas
376,"La velocidad de trefilado de una barra de latón de 10 a 8 mm de diámetro y cuya velocidad de salida es 0,3 m/s, donde la matriz tiene un ángulo de 30º con la horizontal, es de 22,6 s-1"
377,"Una desventaja del moldeo en arena con un modelo de espuma de poliestireno, es que se necesita un nuevo modelo para cada pieza fabricada"
378,"En el conformado por estirado del acero, la velocidad de deformación es directamente proporcional a la velocidad de salida de la pieza de la matriz"
379,"Una chapa de acero laminada en caliente, debido al color de su superficie, se la denomina acero negro"
380,"Se fabrican espumas metálicas de aluminio, pero no de acero"
381,Las tolerancias dimensionales del moldeo en coquilla son inferiores a las obtenidas con el moldeo en arena
382,"En pulvimetalurgia, la forja de polvos permite mayor velocidad de producción y menor desperdicio de material que la forja convencional"
383,Existen muchos metales y aleaciones en los cuales aún no se ha podido alcanzar su velocidad critica de no cristalización (R*)
384,"La proporción típica de la arena de moldeo es 75% de arena, 5% de agua y 20% de arcilla"
385,"En pulvimetalurgia, en la etapa de mezcla, no es aconsejable que los polvos se sometan a vibración ya que ésta favorece la segregación"
386,El defecto denominado orejas se produce en las piezas extruidas
387,El proceso de solidificación a través de un molde sin fondo de sección constante se denomina colada continua
388,Un acero inoxidable austenítico se conforma más fácilmente a 200ºC que a 400ºC
389,Los aceros moldeados solidifican a una temperatura más baja que las fundiciones grises
390,"Las operaciones primarias de la pulvimetalurgia son: mezcla, compactación y sinterizado"
391,Las espumas de aluminio tienen las celdas abiertas
392,La laminación del papel de aluminio se realiza con rodillos de gran diámetro para asegurar un buen control dimensional y minimizar las deformaciones
393,"Las vitrocerámicas tienen mayor resistencia mecánica que el vidrio, alta tenacidad y dureza, y excelente resistencia al choque térmico"
394,"En moldeo, las costras se producen por la erosión del molde de arena durante la colada"
395,"En pulvimetalurgia, si se designa a un cierto tamaño de partícula 230 por 200, indica que los polvos han pasado por la malla 230, pero no por la 200"
396,"En el moldeo en cáscara, el molde que es una capa delgada (cáscara) de unos 10 mm hecha de arena aglutinada con una resina termoestable"
397,La piel de naranja es un defecto superficial que aparece en piezas extruidas
398,Las piezas sinterizadas tienen limitaciones de forma debido a que los polvos metálicos no fluyen fácilmente en dirección lateral dentro de la matriz durante el prensado
399,El carburo de volframio con aglutinante de cobalto (WC-Co) se llama metal duro o widia
400,"El vidrio plano obtenido por flotación, una vez solidificado requiere ser recocido"
401,"En el proceso de vaciado sólido para la fabricación de cerámicos, se llena el molde y se espera a que toda la pieza solidifique"
402,"Una causa de un llenado incompleto en una pieza moldeada, es que la sección transversal de la cavidad del molde es muy delgada"
403,Durante los procesos de deformación en frío se produce un aumento del tamaño de grano
404,El acuñado se clasifica dentro de los procesos de forja en frío
405,"El método de aplicación manual, en la fabricación de MCMP, un molde positivo con superficie lisa producirá un buen acabado en la superficie externa"
406,La sinterización de piezas de bronce se realiza a temperaturas en torno a 1100ºC
407,"Los nuevos productos cerámicos fabricados por sinterización, utilizan preferentemente el prensado seco"
408,"El fenómeno de cambio de geometría debido a la viscoelasticidad, que se produce en la extrusión del polipropileno, tiene lugar cuando el polímero está en estado líquido"
409,"Una propiedad de los polímeros fundidos, es el índice de fluidez del fundido que relaciona el flujo y la viscosidad característica del polímero"
410,La artesa o distribuidor se utiliza para alimentar el bebedero en la colada centrífuga de metales
411,"Una de las ventajas de las piezas sinterizadas es su densidad uniforme, aunque su geometría sea compleja"
412,La tecnología DLP (Digital Light Processing) está diseñada para la fabricación de metales amorfos
413,"En el moldeo en cáscara, la retractilidad del molde suele ser suficiente para evitar el agrietamiento en caliente durante el enfriamiento de la pieza"
414,"La velocidad de deformación durante el estirado de una barra de aluminio de 15 a 12 mm de diámetro y cuya velocidad de salida es de 0,2 m/s, donde la matriz tiene un ángulo de 30º con la horizontal, es de 14,9 s-1"
415,El mayor tonelaje de las aleaciones sinterizadas es de W y Mo y en mucha menor proporción de Fe o Al
416,El bloque del motor de los automóviles de alta gama se está realizando por sinterización
417,Para fabricar fibras de vidrio se puede utilizar el estirado de filamentos continuos
418,"Se han desarrollado tecnologías de moldeo que permiten obtener propiedades mecánicas, precisión y acabado que compiten con los materiales obtenidos por forja"
419,"Los machos pueden ser metálicos, pero su forma debe permitir la remoción de la pieza, o deben ser mecánicamente desmontables"
420,La sinterización en fase líquida requiere utilizar metales que tengan un punto de fusión cercano
421,La extrusión por impacto es una variante de la extrusión directa
422,"En moldeo, los modelistas deben considerar la contracción por solidificación para sobredimensionar las cavidades de los moldes"
423,"La densificación es una operación de prensado, en la cual se deforma la pieza en una matriz para aumentar la densidad y mejorar las propiedades físicas o modificar la geometría de la pieza"
424,"En pulvimetalurgia, el moldeo por inyección metálica (MIM) utiliza polvos metálicos mezclados con un aglomerante"
425,El nucleante añadido para la cristalización de las vitrocerámicas es TiO2
426,Una de las limitaciones del moldeo por inyección a alta presión es que las piezas deben ser extraídas rápidamente del molde
427,"En pulvimetalurgia, el prensado isostático en caliente emplea como medio de compresión gases como helio o argón"
428,El moldeo en estado semisólido permite obtener piezas con mejor calidad metalúrgica y menos defectos
429,"El PVC se utiliza, entre otras aplicaciones, para fabricar láminas y películas"
430,El estirado permite fabricar barras de sección rectangular o cuadrada
431,"La aparición de grietas en los rodillos de laminación causadas por fatiga térmica, provocan en las chapas el defecto de piel de cocodrilo"
432,Los aceros inoxidables austeníticos son más fáciles de conformar plásticamente que los austeno-ferríticos
433,Los sistemas con polvos elementales: Fe-Cu y W-Cu se utilizan para fabricación de piezas por sinterización en fase líquida
434,"En la embutición debe lubricarse la matriz, pero no el punzón para aumentar el rozamiento en dicha zona"
435,"En pulvimetalurgia, un ángulo de reposo más pequeño supone un llenado automático más difícil de la matriz, previo al prensado de los polvos"
436,Uno de los inconvenientes del moldeo por microfusión es su deficiente acabado superficial
437,"En un tratamiento térmico de recocido a temperatura constante, se produce la recristalización sin que llegue a producirse la recuperación"
438,"En pulvimetalurgia, la extrusión de polvos permite alcanzar un alto grado de densificación"
439,Las vitrocerámicas requieren la adición de un nucleante para cristalizar
440,"La obtención de polvos metálicos por reducción química puede realizarse con monóxido de carbono, dióxido de carbono o mezclas de ambos"
441,La extrusión indirecta puede aplicarse a aleaciones de aluminio
442,"En los cerámicos tradicionales, el cocido deshidrata el silicato de aluminio y genera a alta temperatura beta cristobalita, creando uniones atómicas entre los granos cerámicos individuales, lo que va acompañado de densificación y reducción de porosidad"
443,"La limpieza de las piezas moldeadas en coquilla es más necesaria y costosa que la limpieza de las moldeadas en arena, ya que esta se desprende fácilmente"
444,"El agrietamiento en caliente en moldeo, se produce cuando el molde restringe la contracción de la pieza después de la solidificación"
445,"En el moldeo en arena, los moldes de arena verde son los más caros, aunque proporcionan mejores propiedades superficiales a la pieza"
446,"El aluminio puro no puede colarse en molde permanente, debido a que su baja resistencia le hace muy sensible a los desgarramientos en caliente"
447,"En pulvimetalurgia, la densidad teórica es siempre menor que la densidad volumétrica"
448,Los copos son láminas o escamas delgadas mal adheridas a la superficie de los productos laminados o forjados
449,"Los moldes de arena se compactan a mano o de forma automática por presión neumática o vibración alrededor del modelo, en las partes superior e inferior de la caja de moldeo"
450,"En pulvimetalurgia, la relación de aspecto de una partícula metálica acicular puede llegar a 0,4"
451,"Los moldes cerámicos están limitados a la fabricación de aleaciones de bajo punto de fusión (Al, Mg, etc)"
452,"Antes de la inyección del metal líquido, las coquillas de acero se rocían con desmoldeante para facilitar la posterior extracción de las piezas del molde"
453,La ruptura por fusión de un polímero termoplástico se produce cuando la velocidad de corte durante su conformado alcanza los valores de 104 s-1
454,"En el moldeo en arena, el molde interior o macho, si no está bien fijado en el molde exterior, puede ser desplazado hacia arriba por la presión metalostática del metal en estado líquido"
455,"Si el tratamiento de recristalización ha sido correcto, el tamaño de grano recristalizado será similar o inferior al tamaño original"
456,La fabricación y manipulación de los polvos metálicos para el sinterizado no requiere precauciones especiales
457,"La deformabilidad de una aleación depende de su composición química, pero no de su estado de tratamiento térmico"
458,"El moldeo o vaciado deslizante es un proceso de conformado, en cerámicas tradicionales, que utiliza una mezcla con un 25-40% aproximadamente de agua"
459,El Moldeo por Deposición (FDM) es una técnica para la fabricación aditiva de metales
460,El proceso V de moldeo de metales es fácilmente automatizable
461,"Una pieza metálica fabricada por moldeo, tiene mejor la resistencia y ductilidad que la misma pieza, con la misma composición química, fabricada por conformación plástica"
462,La temperatura para la nucleación de la cristalización de las vitrocerámicas es 900ºC
463,"En la atomización de partículas metálicas mediante fluidos, se controla el tamaño de las partículas por la velocidad aplicada al fluido"
464,Se llama estampa a una matriz de forja cerrada
465,El esmaltado de materiales metálicos es un proceso similar al vidriado donde el sustrato es un metal
466,"La fabricación de objetos a partir de polvos metálicos, aglutinándolas para darles su forma final, es una tecnología utilizada desde la antigüedad para la obtención de herramientas y adornos"
467,Uno de los inconvenientes de los hornos de inducción es que el calentamiento y fusión del metal son muy lentos
468,El vidrio templado es un vidrio al que se le ha sometido a un tratamiento de calentamiento y enfriamiento para desarrollar un modelo conveniente de tensiones internas
469,Los latones alfa + beta son más fáciles de conformar que los latones alfa
470,"En pulvimetalurgia, el mecanizado se realiza habitualmente en las piezas sinterizadas, para ajustar las dimensiones finales de la pieza"
471,Los microrrechupes de una pieza moldeada se localizan en muchas ocasiones debajo de la piel de la pieza
472,"El mecanismo de sinterizado de los nuevos cerámicos es la difusión de masa a través de las superficies de contacto de las partículas, acompañada de flujo plástico, lo que ocasiona el movimiento de las partículas para juntarse y la densificación del material"
473,"La mayoría de las piezas moldeadas se fabrican con metales puros o casi puros, para que el intervalo de solidificación sea lo menor posible"
474,"En pulvimetalurgia, los aditivos utilizados durante la etapa de mezclado pueden ser: lubricantes, aglutinantes y desfloculantes"
475,La sinterización de polímeros elastómeros requiere pelets prealeados
476,"En pulvimetalurgia, los polvos se sometan a vibración cuando se quiere favorecer la homogenización"
477,La lana de vidrio se fabrica mediante aspersión centrífuga
478,Las piezas de vidrio obtenidas por moldeo no necesitan esmerilarse ni pulirse
479,"Las aplicaciones del moldeo por inyección de polvos para los nuevos cerámicos son limitadas, debido a las dificultades en la desaglomeración y el sinterizado"
480,"En la recristalización se modifica la geometría del grano deformado a grano equiaxial, sin que aparezcan nuevos cristales"
481,"En el moldeo en arena, resistencia es la capacidad del molde para mantener su forma y soportar la erosión causada por el flujo del metal líquido"
482,"El sinterizado de los metales se lleva a cabo a temperaturas entre 0,7 y 0,9 del punto de fusión en grados Kelvin"
483,"En moldeo, rechupe es un hueco interno, causado por haber quedado zonas líquidas aisladas durante la solidificación"
484,El moldeo por microfusión es una de las técnicas de moldeo más recientes
485,"Una chapa de acero templada y revenida, debido a su microestructura, se la denomina acero negro"
486,"En la caracterización de los polvos metálicos, el factor de forma (Ks) de una esfera es menor que el de un cilindro"
487,"En pulvimetalurgia, la relación de aspecto de una partícula, es la relación entre la dimensión máxima y mínima de dicha partícula"
488,El componente principal del vidrio es la sílice (SiO2)
489,Los enfriadores se utilizan frecuentemente en secciones de la pieza moldeada que son difíciles de alimentar con metal líquido
490,"En moldeo, los enfriadores internos suelen ser de aluminio debido a su elevada conductividad térmica"
491,En la etapa de restauración o recuperación se produce un aumento de la resistencia y la dureza
492,El conformado por deformación de las aleaciones bifásicas es más fácil que el de las monofásicas
493,"En el moldeo en arena con un modelo de espuma de poliestireno, éste se vaporiza al colar el metal fundido dentro del molde"
494,"Los moldes de yeso (2CaSO4-H20), utiliza aditivos como el talco y la arena de sílice para controlar la contracción y el tiempo de fraguado"
495,Los moldes de yeso fraguan en menos de cinco minutos
496,Los hornos de arco eléctrico se utilizan principalmente para la fabricación de los aceros
497,"La extrusión indirecta de un tocho de acero inoxidable austenítico de 100 mm de diámetro, constante de extrusión 400 MPa, requiere una fuerza del pistón de 10,11 MN para obtener un redondo de 20 mm de diámetro"
498,La colada continua tiene una mayor productividad que la colada en lingotera
499,"La extrusión indirecta de un tocho de aluminio de 200 mm de diámetro, constante de extrusión 90 MPa, requiere una fuerza del pistón de 20,46 MN para obtener un redondo de 25 mm de diámetro"
500,En la extrusión directa con falso bloque el diámetro del punzón es mayor que la cámara de extrusión
501,El soplado del vidrio es un procedimiento mayoritariamente manual
502,"La porcelana, por su alta calidad, se la considera entre los nuevos productos cerámicos"
503,"La tecnología de moldeo está adaptada para la fabricación de piezas complejas, no para la producción en serie"
504,"El moldeo por microfusión permite hacer piezas pequeñas, pero no de gran tamaño"
505,"Los tubos de MCMP se pueden fabricar a partir de láminas de preimpregnados, mediante enrollado"
506,La atomización de polvos metálicos con aceite sintético permite reducir su oxidación
507,"En el moldeo a la cera perdida, la cera se recoge para reutilizarse"
508,"En el conformado por estirado del acero, la velocidad de deformación es directamente proporcional a la relación de espesores inicial y final"
509,"En moldeo, algunos procesos pueden llegar a alcanzar velocidades de fabricación de 400 piezas por hora"
510,El recalcado convierte formas planas en cuerpos huecos
511,"En pulvimetalurgia, la forja de polvos requiere unas herramientas más caras de fabricar que la forja convencional"
512,"Se pueden aplicar a las piezas sinterizadas operaciones de acabado como recubrimientos (electrodeposición, pintura, etc) para mejorar su apariencia y resistencia a la corrosión"
513,"En los cerámicos tradicionales, el cocido puede realizarse de forma que se mantenga una cierta porosidad en la pieza terminada"
514,El vidrio templado es más resistente a la tracción que a la compresión
515,Una de las técnicas más utilizadas para producir polvos cerámicos es la atomización
516,"Una pieza moldeada con defectos no debe repararse mediante soldadura, ya que las zonas reparadas tendrán peores propiedades que el resto de la pieza"
517,En el moldeo por inyección a baja presión el metal líquido se introduce dentro de la cavidad a una presión aproximada de 10 MPa
518,"Una chapa de acero, al pasar de la laminación en caliente a la laminación en frío, debe pasar por un baño de decapado para eliminar la cascarilla de su superficie"
519,Las aleaciones de zinc se moldean bien en coquilla porque tienen un bajo punto de fusión y buena fluidez
520,Se obtienen partículas de polvo de hierro de alta pureza por descomposición del pentacarbonilo de hierro
521,"En el prensado isostático en caliente, durante la sinterización, actúan conjuntamente como mecanismos de transporte de átomos la difusión y el flujo plástico"
522,"La pérdida de las fuerzas de enlace entre las cadenas de un polímero termoplástico, causando su desestructuración se denomina ruptura por fusión"
523,La sinterización de piezas de acero inoxidable se realiza a temperaturas en torno a 1200ºC
524,"En pulvimetalurgia, los aceros rápidos se suelen fabricar utilizando polvos elementales"
525,"Los bebederos y mazarotas eliminados en el recorte de las piezas moldeadas, se reciclan para fabricar nuevas piezas"
526,Los defectos denominados venas segregadas y estructura en bandas provienen de pliegues generados durante la laminación que contienen óxidos en su interior
527,"El llenado incompleto, en una pieza moldeada, se produce cuando dos porciones de metal, fluyen al mismo tiempo pero hay una falta de fusión entre ellos"
528,"Los puntos de alfiler en una pieza moldeada, se producen cuando la fluidez del metal líquido es muy alta"
529,Las matrices de forja se fabrican con acero aleado templado y revenido para asegurar elevada tenacidad y resistencia al desgaste
530,Una zona del molde retráctil puede prevenir la aparición de desgarros en caliente en piezas moldeadas
531,El acero al carbono (n=025) se endurece más rápidamente que el inoxidable austenítico (n=04) durante el conformado por deformación en frío
532,"Una vez solidificada una pieza moldeada, las mazarotas deben eliminarse"
533,"Los nuevos materiales compuestos de matriz cerámica utilizan matrices de Al2O3, BN y Si3N4"
534,"En el moldeo en arena, los granos pequeños proporcionan mejor acabado superficial de la pieza, pero los granos grandes son más permeables"
535,La extrusión por impacto produce piezas con un acabado excelente
536,Un defecto plano en el centro de una chapa laminada que puede ser de gran tamaño suele provenir de un rechupe del lingote
537,"En pulvimetalurgia, en el moldeo por inyección de polvos, la compactación y la sinterización se realizan de manera simultánea"
538,El proceso de conformado de plásticos por termoformado es similar a la pultrusión en la fabricación de MCMP
539,"En el conformado por estirado del acero, la fuerza requerida para el estirado es igual a la tensión de compresión soportada por el tocho conformado multiplicada por la sección inicial"
540,Los cojinetes autolubricantes de bronce suelen estar impregnados con un porcentaje de aceite del 10 al 30%
541,"Algunos polvos metálicos, como el aluminio, presentan riesgo de ignición e incluso explosión"
542,En el proceso de moldeo en molde semipermanente se utilizan machos de arena
543,La mayoría de las piezas fabricadas por sinterización alcanzan pesos superiores a 20 Kg
544,"En moldeo, los modelos con placa permiten una alineación precisa entre las partes inferior y superior del molde"
545,El fibrado que se produce en el proceso de forja hace a las piezas más resistentes y tenaces que las obtenidas por corte o mecanizado de chapas previamente laminadas
546,Los nuevos materiales compuestos de matriz cerámica pueden fabricarse con refuerzos de fibras metálicas
547,La colada semicentrífuga se utiliza para fabricar volantes de inercia y poleas
548,La porcelana y el gres requieren temperaturas de cocido entre 900 y 1000ºC
549,"En el proceso V de moldeo de metales, la arena de moldeo se mantiene unida mediante un aglutinante químico"
550,La inyección de gas dentro de un metal fundido puede generar metales porosos de densidad inferior a uno (flotaría en el agua)
551,"En moldeo, una unión fría es un área rugosa formada por incrustaciones de arena y metal"
552,El rechupe ocurre frecuentemente en la parte inferior de la pieza moldeada
553,"En pulvimetalurgia, las presiones típicas de compactación fluctúan entre 70 MPa para polvos de aluminio y 700 MPa para polvos de hierro y acero"
554,"En la colada centrífuga real al estar el molde en movimiento no se produce el crecimiento dendrítico, obteniéndose un grano fino, baja porosidad y buenas propiedades mecánicas"
555,"En pulvimetalurgia, las películas superficiales (óxidos, sílice, humedad, etc) pueden ser un problema, por lo que deben eliminarse antes del procesado"
556,Los polímeros termoestables requieren ser curados para ser rígidos a temperatura ambiente
557,Los polvos de níquel y cobalto se suelen obtener por electrolisis
558,El moldeo a alta presión es un proceso de solidificación de metales en coquilla
559,El esmaltado de los metales es un proceso similar al vidriado que se realiza en los cerámicos tradicionales
560,El rechupe por contracción se puede evitar con un buen diseño de la mazarota
561,Se pueden fabricar por sinterización filtros metálicos con un grado controlado de porosidad
562,La espuma de poliuretano (PU) se llama comercialmente poliespán o corcho blanco
563,"La mazarota dentro del molde de arena, debe estar conectada a la cavidad principal por un canal para alimentarla con metal fundido durante la solidificación"
564,"En pulvimetalurgia, en el moldeo por inyección de polvos, los aglomerantes más utilizados son los geles"
565,"En pulvimetalurgia, una partícula se denomina redondeada cuando su relación de aspecto está próximo a 1"
566,Para el moldeo a alta presión de aceros y fundiciones a veces se utilizan moldes de wolframio o molibdeno
567,El manejo y almacenamiento del aluminio en polvo es más fácil y eficiente que en forma de barras o perfiles
568,Un metal amorfo para que cristalice tiene que volver a pasar por el estado líquido
569,Los moldes cerámicos pueden soportar temperaturas más altas que los moldes de yeso
570,"En la extrusión directa de una barra de aluminio 6063 de 25 mm de diámetro, partiendo de un tocho 200 mm de diámetro, donde el ángulo de la matriz de la extrusora es 45º, se aplica al pistón una velocidad de 0,1 m/s, dando como resultado una velocidad de deformación a la salida de la extrusora de 107 s-1"
571,"En el moldeo en arena, los moldes hechos de granos irregulares son más fuertes que los moldes de granos redondos debido al entrelazado de los granos"
572,"La arena de moldeo puede utilizar aglutinantes orgánicos, como las resinas fenólicas, en vez de arcilla"
573,Los procesos de recorte o desbarbado de las piezas moldeadas son fácilmente automatizables
574,"La contracción de una pieza moldeada dentro del molde no depende del material, sino de la temperatura de colada"
575,"En pulvimetalurgia, la fricción interparticular se define como el ángulo de reposo formado por un montón de partículas, cuando se vacían a través de un embudo angosto"
576,La piel de una pieza moldeada es la zona que tiene mejores propiedades mecánicas
577,"La proporción típica de la arena de moldeo es 90% de arena, 3% de agua y 7% de arcilla"
578,"La espumación por inyección directa de gas en el metal fundido, se utiliza para fabricar espumas de aluminio"
579,"En la fabricación por sinterización, la etapa de mezcla no puede evitarse en la fabricación con polvos prealeados"
580,"Debido a la porosidad de las piezas sinterizadas, deben usarse hornos con atmósfera protegida durante la sinterización para evitar su oxidación y pérdida de propiedades"
581,Los preimpregnados son fibras impregnadas con resinas termoestables totalmente curadas
582,El moldeo en coquilla está especialmente diseñado para obtener piezas de elevada complejidad geométrica
583,"La contracción experimentada en el sinterizado de los nuevos materiales cerámicos, puede ser del 20% o superior"
584,"Un metal amorfo por debajo de la temperatura de no cristalización (T*), tiene la misma microestructura que un líquido subenfriado"
585,El moldeo del vidrio se utiliza para conseguir altas velocidades de producción
586,"Inmediatamente después del vertido de un metal puro, en estado líquido, en el molde se forma en sus paredes una capa de granos de metal sólidos gruesos y orientados hacia el centro"
587,"En pulvimetalurgia, el prensado isostático produce más variaciones de densidad en las piezas compactadas que el prensado uniaxial"
588,"La piel de una pieza moldeada, debido a la rápida solidificación, suele tener un alto contenido de poros"
589,El moldeo en coquilla resulta económico para volúmenes grandes de producción
590,"La principal desventaja del moldeo por inyección a baja presión es que se introduce el metal en el molde con elevada exposición al aire, con el consiguiente riesgo de oxidación"
591,Las piezas de vidrio obtenidas por moldeo deben enfriarse rápidamente para evitar tensiones internas
592,"El tiempo de solidificación de un lingote de acero en lingotera suele ser corto, alrededor de 15 minutos"
593,El número total de aberturas por pulgada cuadrada de una malla 200 es 40000
594,"El moldeo en moldes permanentes produce una solidificación rápida, generando una estructura de grano fino con mejores propiedades mecánicas que las piezas moldeadas en arena"
595,El moldeo a la cera perdida utiliza moldes permanentes
596,La espuma de poliuretano (PU) se obtiene mediante la generación de CO2 por reacción química durante su polimerización
597,"En pulvimetalurgia, en el moldeo por inyección de polvos, el aglomerante se elimina por tratamiento térmico o con disolventes"
598,"Los cermets basados en los óxidos Al2O3 y MgO, utilizan el cromo como aglutinante"
599,"En el moldeo de polímeros termoestables por inyección y reacción, la reacción es un proceso de curado o reticulación del polímero"
600,"El proceso Bayer para producir alúmina de alta pureza, utiliza la técnica de secado por congelación"
601,"En pulvimetalurgia, el principal mecanismo que produce el transporte de masa durante la sinterización es la difusión"
602,En la mayoría de los metales y aleaciones el valor del tiempo crítico de no cristalización (t*) es muy pequeño
603,La obtención de polvos por reducción con hidrógeno se denomina liofilización
604,"En el moldeo en arena, los moldes de arena seca se fabrican con aglomerantes orgánicos en lugar de arcilla"
605,Los polímeros termoestables tienen un comportamiento elástico-rígido
606,En la laminación de chapa de acero la velocidad de deformación es inversamente proporcional a la longitud de la superficie de la chapa en contacto con los rodillos de laminación
607,"Fabricación aditiva (impresión 3D) se utiliza para fabricar piezas poliméricas, pero no metálicas"
608,un cubilote es un horno cilíndrico vertical consistente en una carcasa de acero revestida interiormente con ladrillos refractarios
609,"En el moldeo a la cera perdida, el molde maestro de silicona lo realiza el escultor"
610,La colabilidad de un metal se ve favorecida por un estrecho intervalo de solidificación
611,En la extrusión de polímeros la velocidad de corte es del orden de 10^3 s^-1
612,"En pulvimetalurgia, la mezcla de los polvos no es necesario realizarla cuando los polvos tienen la misma composición química"
613,"Las palanquillas, perfiles y chapones obtenidos por colada continua se les suele denominar semiproductos"
614,Los aglutinantes son aditivos que se añaden a los polvos para lograr mayor resistencia en las piezas sinterizadas
615,El temple del vidrio se realiza enfriando la pieza desde los 500ºC
616,"La velocidad de deformación en el trefilado de una barra de latón de 10 a 8 mm de diámetro y cuya velocidad de salida es 0,3m/s, donde la matriz tiene un ángulo de 30º con la horizontal, es de 22,6 s^-1"
617,"En pulvimetalurgia, una partícula se denomina agregada, cuando está constituida por la acumulación de otras partículas más pequeñas"
618,"En la colada centrifugada, la simetría radial de la pieza es necesaria para la aplicación del proceso"
619,La extrusión hidrostática permite mayores deformaciones que la extrusión directa
620,La fabricación de piezas metálicas sinterizadas es difícil de automatizar
621,"En moldeo, la cavidad del molde debe hacerse ligeramente sobredimensionada para permitir la contracción durante la solidificación"
622,"A igualdad de parámetros, las deformaciones obtenidas son menores en los cordones tritérmicos que en los bitérmicos"
623,Aumentar la energía aportada durante un proceso de soldadura favorece la disminución de las tensiones residuales
624,Conviene que las uniones remachadas trabajen sólo a cizalladura
625,"Cuando en soldadura por arco eléctrico, se utiliza polaridad directa, el electrodo se calienta más que en polaridad inversa"
626,Cuando la transferencia es por arco-spray el gas de protección normalmente utilizado es inerte
627,"Cuando se utiliza corriente alterna en TIG, se utiliza volframio puro"
628,Cuanto mayor es el intervalo Líquido- Sólido de un acero mayor es la probabilidad que ocurra una fisuración en caliente
629,"Cuanto mayor es la defromación media de un metal, más baja es la temeratura necesaria para producir la recristalización"
630,"Cuanto mayor sea la energía aportada en los procesos de soldadura, mayor será la velocidad de enfriamiento obtenida posteriormente"
631,Disminuir el potencial de ionización del medio favorece la estabilidad del un arco eléctrico
632,El agrietamiento en frío es especialmente peligroso en los aceros inoxidables austeníticos
633,El agrietamiento en frío está relacionado con la formación de compuestos de bajo punto de fusión
634,El aumento del contenido en carbono equivalente de un acero al carbono de baja o media aleación produce una disminución de la soldabilidad
635,El aumento del contenido en cromo y molibdeno produce una disminución de la soldabilidad de los aceros de baja y media aleación
636,El corte por plasma requiere que el material a cortar sea conductor
637,El curado de los adhesivos epoxis se realiza por calor
638,El curado térmico de una unión adhesiva puede alterar la microestructura de un acero normalizado
639,El desgarre laminar está asociado a la calidad del metal base de la pieza
640,El hidrógeno favorece el agrietamiento en caliente de los aceros
641,El laser de CO2 puede transmitirse a traves del aire
642,El llenado incompleto de una fundición se produce cuando dos porciones de metal fluyen al mismo tiempo pero hay una falta de fusión entre ellas
643,El magnetismo de las piezas dificulta la utilización de soldadura por haz de electrones
644,El magnetismo de las piezas impide la utilización de soldaura por haz de electrones
645,El magnetismo residual de las piezas favorece la penetración en soldadura por haz de electrones
646,"El método de Seferian para calcular la temperatura de precalentamiento recoge la influencia de TSN, Carbono equivalente y la longitud de cordón soldado"
647,El objetivo que persigue el tratamiento térmico postsoldadura a una soldadura es la difusión del hidrogeno
648,El oxicorte no produce importantes cambios metalúrgicos
649,El paso de peregrino es método por diseño de atenuación de deformaciones
650,El paso de peregrino es un método de atenuación de deformaciones por diseño
651,El Poscalentamiento que se realiza a una soldadura disminuye la velocidad de enfriamiento
652,El precalentamiento de la unión soldada de un acero al carbono produce un aumento de la deformación
653,"El principal problema que surge en la soldadura por difusión metal-cerámica, es la diferencia del coeficiente de expansión térmica entre ambos materiales"
654,El proceso de soldadura de oxigas es frecuentemente utilizado para soldar grandes espesores
655,"El proceso de soldadura mas utilizado en las uniones híbridas, es el de soldadura por resistencia"
656,El proceso de soldadura oxigas es frecuentemente utilizado para soldar grandes espesores
657,El proceso de soldadura por arco sumergido utiliza bajas intensidades
658,El proceso en tandem de soldadura por arco sumergido utiliza corriente alterna en la segunda pasada
659,El resonador de un haz de electrones emite electrones de alta energía que son focalizados sobre la pieza a soldar
660,El resonador de un láser emite electrones de alta energía que son focalizados sobre la pieza a soldar
661,El resonador de un láser emite fotones de luz blanca que son focalizados sobre la pieza a soldar
662,El temple de las aleaciones de aluminio bonificables produce una estructura dura y frágil
663,El transporte en arco pulsado se realiza con polaridad inversa
664,El transporte en cortocircuito se realiza con polaridad directa
665,El transporte en cortocircuito se realiza con polaridad inversa
666,El transporte en globular se realiza a altas tensiones e intensidades
667,El transporte en spray se realiza con polaridad inversa
668,El tratamiento de postsoldadura mejora las propiedades mecánicas al reducir el contenido de hidrógeno
669,El tratamiento térmico postsoldadura disminuye el peligro de porosidad
670,"En el cálculo de uniones mecánicas, los esfuerzos se distribuyen uniformemente entre los elementos de sujeción"
671,En el dardo de una llama oxiacetilénica se produce la combustión completa
672,"En general, los aceros inoxidables ferríticos deben precalentarse antes de su soldadura"
673,En la llama reductora la proporción oxígeno-acetileno es 1:1
674,En la soldadura aluminotérmica se utiliza aluminio como electrodo
675,En la soldadura de aceros inoxidables austeníticos se recomienda obtener un cordón de soldadura con un 5-10% de ferrita delta para disminuir el riesgo de fisuración en caliente
676,"En la soldadura de aceros inoxidables austeníticos, la presencia de ferrita delta en el metal depositado aumenta la tendencia a la fisuración en caliente"
677,En la soldadura de aceros inoxidables martensíticos es habitual utilizar como material de aporte austeníticos
678,En la soldadura de aceros inoxidables martensíticos se recomienda obtener un cordón de soldadura con un 5-10% de ferrita delta para disminuir el tiempo de fisuración en caliente
679,"En la soldadura de plásticos por fricción, ésta debe ser lo mayor posible para forzar el material a salir fuera de la zona de unión y así reforzarla"
680,En la soldadura de una aleación de la serie 2xxx (Al-Cu) puede producirse una sobremaduración en la ZAT
681,En la soldadura de una aleación de la serie 3xxx (Al-Mn) puede producirse una sobremaduración en la ZAT
682,En la soldadura oxiacetilénica la ignición se realiza dentro del soplete
683,"En la soldadura oxigás, el metal de aportación es cobre, para evitar oxidaciones durante la soldadura"
684,"En la soldadura oxigas, se utiliza el acetileno que es un derivado del petróleo, porque proporciona una temperatura máxima de 3100ºC"
685,"En la soldadura por arco eléctrico con protección de gas y electrodo consumible, para soldar aleaciones no férreas se suele utilizar gases inertes con pequeñas proporciones de oxígeno"
686,"En la soldadura por arco eléctrico con protección de gas y electrodo consumible, un aumento de la longitud del hilo favorece el arco-spray"
687,"En la soldadura por arco electrónico con protección de gas y electrodo consumible, para soldar aleacciones no ferreas,… Gases inertes con poco O2"
688,En la soldadura por difusión se utiliza un PIN para producir el calor por rozamiento
689,En la soldadura por electroescoria los ciclos de calentamiento son muy rápidos por lo que se obtienen estructuras metalúrgicas bastas
690,En la soldadura por fricción se aplica presión cuando las piezas se quedan en reposo
691,"En la soldadura por fricción, la fusión se produce como consecuencia del rozamiento que provoca el movimiento circular de dos superficies en contacto"
692,En la soldadura por haz de elctrones la distorsión de las piezas soldadas es pequeña
693,En la soldadura por haz de electrones la zona de la unión debe ser protegida por un gas inerte
694,En la soldadura por haz de partículas de alta energía la relación entre profundidad y anchura del cordón de soldadura es menor que en la soldadura por arco eléctrico
695,En la soldadura por Láser la cámara de vacío limita el tamaño de las piezas a soldar
696,"En la soldadura por láser, el tamaño de las piezas a soldar está limtado por el tamaño de la cámara de vacío"
697,En la soldadura por resistencia el material de aporte es de la misma naturaleza que el metal base
698,En la soldadura por resistencia los electrodos tienen una gran resistencia eléctrica para aumentar el calor de fusión
699,En la soldadura TIG con corriente alterna se utilizan electrodos de volframio aleados con torio o circonio
700,En la soldadura TIG de aceros inoxidables se utiliza corriente continua con polaridad directa
701,En la soldadura TIG de aceros inoxidables se utiliza corriente continua con polaridad inversa
702,En la soldadura TIG de aceros inoxidables se utiliza la corriente continua con polaridad directa
703,En la soldadura TIG se utilizan electrodos de titanio por su elevado punto de fusión
704,En la zona de transformación A1-A3 de un acero bajo en carbono se produce un aumento de tamaño de grano
705,En las soldaduras por fusión de aceros de bajo contenido en carbono se produce un importante aumento de grano en la zona de recocido
706,En las uniones adhesivas el fallo cohesivo no es deseable
707,En las uniones adhesivas el fallo de sustrato se produce por sobredimensionamiento del adhesivo
708,En las uniones adhesivas la resistencia de la fuerza cohesiva depende del grado de mojado y de la capacidad adhesiva de la superficie
709,En las uniones híbridas los puntos de soldadura suelen realizarse en estado sólido
710,"En las uniones mecánicas, es habitual utilizar disposiciones constructivas de una fila para mejorar la distribución de esfuerzos"
711,En las uniones remachadas en frío la fuerza de unión se debe a la fuerza de rozamiento en las superficies a unir
712,"En los equipos de intensidad constante, utilizados en soldadura por arco, la relación tensión-intensidad presenta una pendiente negativa pequeña"
713,"En los equipos de tensión constante, utilizados en soldadura por arco, la relación tension-intensidad presenta una pendiente negativa pequeña"
714,"En los procesos de soldadura en estado sólido para conseguir el estado plástico, se calienta por encima de la temperatura solidus"
715,"En los procesos de soldadura en estado sólido, la unión se produce como consecuencia de enlaces interatómicos"
716,"En los procesos de soldadura en estado sólido, la unión se produce como consecuencia de fuerzas de atracción interatómicas"
717,"En los procesos de soldadura MIG, la transferencia mediante arco pulsado permite soldar con mayoe energía que la transferencia mediante un arco normal"
718,En los procesos de soldadura por fusión de aleaciones monofásicas se produce un aumento del tamaño de grano en la ZAT
719,En los procesos de soldadura por haces de partículas de alta energía se pueden obtener relaciones profundidad/ancho del cordón muy elevadas
720,"En los processo de soldadura oxiacetilenica, el tipo de llama utilizada más frecuentemente es la reductora"
721,En piezas libres las tensiones residuales postsoldadura longitudinales son mayores que las transversales
722,En procesos de soldadura por arco eléctrico con electrodo revestido son preferibles equipos de tensión constante
723,En soldadura aluminométrica se utiliza aluminio como electrodo
724,"En soldadura de aceros inoxidables martensíticos, es habitual usar como material de aporte austeníticos"
725,En soldadura por arco sumergido se utiliza normalmente corriente continua con polaridad inversa
726,En soldadura por arco sumergido se utiliza polaridad directa
727,"En soldadura por fricción, la fusión se produce como consecuencia del rozamiento que provoca el movimiento circular de dos superficies de contacto"
728,En soldadura por resistencia Aumentar la presión ejercida favorece una disminución de la temperatura alcanzada
729,En soldadura TIC se utiliza polaridad inversa para eliminar el baño de fusión de las aleaciones de AL
730,En soldadura TIG es habitual utilizar corriente continua polaridad directa para soldar aluminio
731,En soldadura TIG se utiliza electrodos de titanio por su elevado punto de fusión
732,En TIG es habitual usar corriente continua polaridad directa para soldar aluminio
733,La absorción de hidrógeno depende fundamentalmente del proceso de soldadura utilizado y de la humedad
734,La acritud obtenida como consecuencia de un proceso de deformación supone un aumento de la carga de rotura y una disminución del límite elástico
735,La adhesión es la fuerza que prevalece entre las moléculas dentro del adhesivo
736,La afectación térmica provocada por el oxicorte es menor que la producida por el corte por plasma
737,La aleación Cu-Ag se utiliza como aporte en la soldadura blanda
738,La aleación Cu-Zn se utiliza como aporte en la soldadura blanda
739,La aleación Sn-Zn se usa como aporte en soldadura blanda
740,La aleación Sn-Zn se utiliza como aporte en la soldadura blanda
741,La conductividad térmica de los materiales favorece un aumento de la velocidad de enfriamiento en los procesos de soldadura
742,"La diferencia entre la soldadura de materiales plásticos y metálicos por ultrasonidos, es que en los primeros las vibraciones son de elevada frecuencia y de movimiento vertical"
743,La elección de la potencia de un soplete es función del espesor del material
744,La electroescoria tiene elevada conductividad eléctrica
745,La elevada conductividad térmica del aluminio permite disminuir el aporte de energía
746,La energía utilizada en la soldadura por explosión es la liberada por la detonación controlada de un explosivo
747,La estabilidad del arco eléctrico se verá favorecida por un bajo poder termoiónico del electrodo emisor
748,La estabilidad del arco eléctrico se verá favorecida por un bajo potencial de ionización del medio
749,La estructura de la zona fundida de una soldadura oxiacetilénica es más basta que la correspondiente a una soldadura con electrodo revestido
750,La fractura adhesiva es aquella que se produce en el propio adhesivo
751,La llama oxiacetilénica es fácilmente regulable y flexible
752,La llama utilizada en la soldadura oxiacetilénica de aceros es de naturaleza reductora
753,La microestructura que se puede obtener en la zona de sobrecalentamiento de un acero al carbono es martensita
754,La obtención de un arco en cortocircuito en los procesos de soldadura por arco sumergido requiere la utilización de un fundente básico
755,La presencia de impurezas como el azufre en los aceros puede provocar fisuración en frío
756,"La presencia de pequeñas cantidades de ferrita delta en el cordón de soldadura de los aceros inoxidables austeníticos, evita el agrietamiento en caliente"
757,"La presencia de pequeñas cantidades de ferrita en la ZAT de los aceros inoxidables austeníticos, evita el agrietamiento en caliente"
758,La soldadrura de plásticos con manguitos y resistencia eléctrica se utiliza para uniones a tope
759,La soldadura aluminotérmica utiliza como fuente de calor el generado por la reacción química de un óxido metálico
760,La soldadura bajo electroescoria produce estructuras metalúrgicas de grano fino
761,La soldadura bajo electroescoria se utiliza para la unión de grandes espesores
762,La soldadura de plásticos con manguitos y resistencia eléctrica se utiliza para uniones a tope
763,La soldadura de plásticos por gas caliente sólo permite soldar uniones a tope
764,La soldadura fuerte es un proceso en el que la temperatura de fusión del metal base es superior a 450 ºC
765,La soldadura fuerte metal-cerámica presenta como inconveniente la dificultad del mojado del material cerámico por el material de aporte
766,La soldadura oxiacetilénica está especialmente indicada para soldar tuberías de pequeño diámetro
767,La soldadura por arco sumegido se utiliza en todas las posiciones
768,La soldadura por difusión solo puede utilizarse en la unión de materiales de alta compatibilidad
769,La soldadura por difusión utiliza en ocasiones intercapas para facilitar la unión
770,La soldadura por electroescoria es una soldadura en la que el calor es generado por un arco eléctrico
771,La soldadura por electroescoria se suele utilizar para pequeños espesores
772,La soldadura por explosión se realiza en estado sólido
773,La soldadura por extrusión con gas caliente precisa de materiales de gran estabilidad y buenas propiedades de deslizamiento
774,La soldadura por gas caliente de polímeros se realiza sin material de aporte
775,La soldadura por gas caliente se realiza sin material de aporte
776,La soldadura por haz de electrones da lugar a tamaños de grano grueso
777,La soldadura por protuberancias se realiza cuando se quiere realizar una junta continua
778,La soldadura por puntos se utiliza fundamentalmente para piezas solapadas
779,La soldadura por puntos se utiliza fundamentalmente para uniones solapadas
780,La soldadura por resistencia es un proceso especialmente indicado para la unión a tope de piezas de pequeño espesor
781,La soldadura TIG del acero inoxidable austenítico se debe realizar con polaridad directa
782,La Soldadura TIG del magnesio se realiza habitualmente con corriente alterna
783,La temperatura de fusión de la electroescoria es superior a la del metal base
784,La temperatura del baño de fusión en la soldadura oxigás es independiente de la velocidad de avance del soplete
785,La termita es una mezcla de polvos finamente divididos de Fe3O4 y Al
786,La transferencia por arco globular en procesos de soldadura MIG/MAG está especialmente indicada para la soldadura de grandes piezas de acero
787,La transferencia por arco globular se realiza a través de gotas de mayor diámetro que el del electrodo
788,La transferencia por arco pulsado tiene las propiedades del arco globular con energía menor
789,La transferencia por arco-spray se realiza mediante gotas cuyo diámetro es mayor que el diámetro del electrodo
790,La unión mecánica de piezas de materiales blandos como aleaciones aluminio y magnesio necesita que se introduzca un casquillo roscado intermedio
791,La unión mecánica mediante espárragos se utiliza más para materiales blandos y frágiles
792,La unión mecánica que permite una mayor transmisión de esfuerzos es la unión por insertos
793,La unión por medio de tornillos enroscados se usa en el caso de existir agujeros ciegos
794,La velocidad de corte para pequeños espesores es menor en el corte por plasma que en el oxicorte
795,La velocidad de soldadura en oxiacetilénica depende de la potencia del soplete
796,"Las deformaciones producidas en soldadura pueden disminuir, aumentando la cantidad de metal de aportación"
797,Las deformaciones producidas en una soldadura pueden atenuarse reduciendo el número de soldaduras
798,"Las deformaciones producidas por soldadura se pueden disminuir, aumentando la cantidad de metal de aportación"
799,Las estructuras más duras son mas susceptibles de fragilización por hidrógeno
800,Las fuentes de energía que se utilizan en soldadura por arco sumergido son de intensidad constante
801,Las grietas en frío se localizan en la ZAT
802,Las grietas inducidas por hidrógeno son normalmente transgranulares
803,Las resinas epoxi son adhesivos de tipo prepolimerizado
804,Las tensiones residuales longitudinales obtenidas en una unión por soldadura sin embridar pueden alcanzar un valor del orden del límite elástico del material
805,Las tensiones residuales postsoldadura de una pieza no empotrada son despreciables
806,Las tensiones residuales pueden disminuirse por vía mecánica
807,Las uniones adhesivas diseñadas correctamente presentan una gran rigidez
808,Las uniones adhesivas evitan los problemas corrosión y envejecimiento
809,Las uniones adhesivas permiten unir materiales disimilares
810,Las uniones adhesivas presentan buen comportamiento cuando trabajan a compresión
811,Las uniones adhesivas presentan un buen comportamiento mecánico si se maximiza el área de unión
812,Las uniones adhesivas presentan un comportamiento mecánico óptimo cuando trabajan a compresión y cizalladura
813,Las uniones atornilladas se consideran uniones articuladas
814,Las uniones híbridas aprovechan la ventaja que presenta la unión adhesiva de mayor resistencia frente a los esfuerzos de pelado
815,Las uniones híbridas aprovechan la ventaja que presenta la unión adhesiva de una mayor área de transmisión de esfuerzos
816,Las uniones hibridas aprovechan la ventaja que presenta las uniones adhesivas de una mayor área de transmisión de esfuerzos
817,Las uniones híbridas presentan una distribución de esfuerzos más uniforme que las uniones mecánicas
818,Las uniones híbridas tienen más rigidez que las uniones mecánicas
819,Las uniones mecánicas presentan menor peso que las uniones híbridas
820,Las uniones mecánicas son rígidas
821,Las uniones remachadas en caliente presentan mejor estanqueidad que las remachadas en frío
822,Las uniones remachadas no deben utilizarse para chapas finas
823,Las uniones remachadas sobre superficies inclinadas deben realizarse en caliente
824,"Las válvulas de seguridad de los cilindros de oxígeno y acetileno, reducen la presión de los cilindros"
825,"Las válvulas reductoras de presión de los cilindros de oxígeno y acetileno, evitan los retrocesos de llama"
826,Los aceros inoxidables austeníticos deben precalentarse para evitar la aparición martensita
827,"Los aceros inoxidables austeníticos presentan pérdida de tenacidad en la ZAT conocida como ""Fragilización a 475º C"""
828,Los aceros inoxidables ferríticos tienen una gran tendencia a aumentar su tamaño de grano a partir de 900 ºC
829,Los aceros que responden a los tratamientos térmicos (aceros aleados) se utilizan preferentemente para los remaches en caliente
830,Los adhesivos acrílicos tienen aplicaciones estructurales
831,Los adhesivos anaeróbicos estructurales presentan una capacidad intermedia de relleno de junta
832,Los adhesivos anaeróbicos pueden utilizarse como junta de sellado
833,Los adhesivos basados en cianocrilatos presentan una buena capacidad de relleno de junta
834,Los adhesivos de poliuretano presentan baja resistencia relativa frente a esfuerzos de pelado
835,Los adhesivos epoxi presentan una baja capacidad de relleno de junta
836,Los adhesivos flexibles presentan buena resistencia frente a esfuerzos dinámicos e impacto
837,"Los adhesivos instantáneos, como los cianocrilatos, precisan superfícies coincidentes"
838,"Los adhesivos más utilizados en las uniones híbridas, son las resinas epoxy"
839,Los adhesivos presentan buen comportamiento cuando trabajan a compresión y pelado
840,Los adhesivos rígidos presentan alta resistencia frente a esfuerzos normales o de cortadura
841,Los adhesivos tenaces tienen buena resistencia frente a esfuerzos de pelado y desgarro
842,Los agujeros para el remache en las piezas debe mecanizarse en conjunto para evitar excentricidades
843,Los cianocrilatos son adhesivos reactivos que polimerizan por policondensación
844,Los cordones de soldadura tritérmicos precisan menor temperatura de precalentamiento que los bitérmicos
845,Los electrodos básicos son higroscópicos
846,Los electrodos celulósicos en soldadura con electrodo revestido generan gran cantidad de escoria
847,Los electrodos celulósicos generan gran cantidad de hidrógeno
848,Los electrodos celulósicos generan una gran cantidad de gases
849,Los electrodos celulósicos permiten una buena penetración
850,Los electrodos celulósicos tienen una buena función eléctrica
851,Los electrodos celulósicos tienen una buena función metalúrgica
852,Los electrodos celulósicos utilizados en soldadura con electrodo revestido generan gran cantidad de escoria
853,Los electrodos de rutilo generan gran cantidad de gases
854,Los electrodos de rutilo no tienen una buena función eléctrica
855,Los electrodos de rutilo son higroscópicos
856,Los fabricantes de adhesivos diseñan productos que produzcan roturas cohesivas
857,Los materiales cerámicos destacan por su elevado punto de fusión y su alta conductividad térmica
858,Los óxidos de hierro son los componentes principales del revestimiento de los electrodos básicos
859,Los óxidos de titanio son los componentes principales de los electrodos de rutilo
860,Los óxidos de titanio son los componentes principales del revestimiento de los electrodos básicos
861,Los óxidos de titanio son los componentes principales del revestimiento de los electrodos de rutilo
862,Los pernos con tuerca son uniones permanentes
863,Los poros vermiculares se localizan en la ZAT
864,Los procesos de soldadura aluminotérmica se basan en el calor desprendido en el proceso de reducción del aluminio
865,Los procesos de soldadura en estado sólido se realizan a una temperatura por debajo de la linea de solidus de los materiales
866,Los procesos de soldadura en estado sólido son procesos por fusión en el que actúan fuerzas de atracción interatómicas
867,Los procesos de soldadura fuerte metal-cerámica presentan el problema de que el material de aporte no fluye a través del material cerámico
868,Los procesos de soldadura fuerte y blanda se diferencian en que el material de aportación en soldadura fuerte funde a mayor temperatura
869,Los procesos de soldadura MIG con arco normal o spray están limitados a la posición de sobremesa
870,Los procesos de soldadura por arco eléctrico con electrodo revestido son especialmente indicados para montajes a pie de obra
871,Los procesos de soldadura por arco sumergido permiten disminuir el ángulo del bisel
872,Los procesos de soldadura por arco sumergido son especialmente indicados para soldar en posición horizontal plana
873,Los procesos de soldadura por difusión permiten realizar uniones disimilares
874,Los procesos de soldadura por haz de partículas de alta energía permiten soldar con menor aporte térmico que otros procesos de soldadura por fusión
875,Los recargues de acero inoxidable sobre aceros al carbono es habitual realizarlos con dos tipos diferentes de material de aportación
876,Los remaches en piezas inclinadas deben hacerse en frío
877,Los tratamientos de postsoldadura mejoran las propiedades mecánicas al revenir la estructura Widmaestatten
878,Los tratamientos postsoldadura mejoran las propiedades mecánicas al revenir la estructura Widmaestatten
879,Mediante los procesos de soldadura por ultrasonidos de materiales plásticos solo pueden unirse piezas de pequeño espesor
880,Para atenuar las deformaciones después de un proceso de soldadura por fusión es aconsejable utilizar la mayor cantidad posible de metal de aportación
881,Para la soldadrura de aleaciones de aluminio por arco eléctrico es preferible utilizar corriente alterna
882,Para la soldadura de aleaciones por arco eléctrico es preferible utilizar corriente continua con polaridad directa
883,"Para lograr un efecto de limpieza superficial en la pieza a soldar, en una soldadura por arco eléctrico, se utiliza polaridad directa"
884,Para lograr un efecto decapante en la pieza a soldar en una soldadura por arco eléctrico se utiliza polaridad directa
885,Para mejorar el rendimiento de la soldadura de plásticos con resistencia se utiliza un equipo de estrusión
886,"Para minimizar esfuerzos de pelado en las uniones adhesivas, se disminuye la sección"
887,Para producir la transferencia por arco corto se utiliza gases inertes y activos
888,Para producir la transferencia por arco globular se necesitan valores altos de intensidad y tensión
889,Para producir la transferencia por arco-spray se necesita bajos valores de intensidad y tensión
890,"Para que un material sea oxicortable, la temperatura de fusión del óxido formado debe ser menor que la temperatura de fusión del material"
891,Para soldar con TIG materiales como el aluminio se utiliza normalmente transferencia en spray
892,Para una correcta disposición de uniones de sujeción hay que evitar los remaches en zonas de presión
893,Se utiliza el TIG pulsado para soldar chapas de aluminio de gran espesor
894,Soldadura por protuberancias se realiza cuando se quiere realizar una junta contínua
895,Sólo se pueden soldar los plásticos termoelásticos con similar peso molecular y densidad
896,Un arco eléctrico será más estable cuanto menor sea la conductividad de los electrodos
897,Un equipo de soldadura por haz de electrones emite esos electrones por efecto termoiónico
898,Un problema importante que se presenta en la soldadura por arco sumergido es la posible desviación del arco por el viento
899,Una causa de las tensiones residuales son las variaciones de volumen por cambio de fase
900,Una condición para que se produzca el oxicorte es que la temperatura de combustión sea mayor que la temperatura de fusión en atmósfera de oxígeno puro
901,Una condición para que se produzca el oxicorte es que la temperatura de fusión del óxido producido sea menor que la temperatura de fusión del material
902,Una de las ventajas de utilizar electrodos de volframio en el proceso de soldadura TIG es que permite arcos estables con bajos valores de intensidad
903,Una desventaja que presenta la soldadura por fusión es que no pueden realizarse uniones disimilares
904,Una desventaja que presenta las uniones adhesivas es que no hay una distribución uniforme de tensiones
905,Una desventaja que presenta las uniones adhesivas es que presentan problemas de corrosión
906,Una posible aplicación de la llama carburante es en soldadura fuerte
907,Una ventaja que presenta la soldadura por haz de partículas de alta energía es que se pueden conseguir cordones profundos y anchos
908,Una ventaja que presenta las uniones adhesivas es que hay una distribución uniforme de tensiones
909,Una ventaja que presenta las uniones adhesivas es que no hay limitación de temperatura de servicio
910,Una ventaja que presenta las uniones adhesivas es que permite unir materiales disimilares
911,"Uniones adhesivas, el fallo de sustrato se produce por sobredimensionamiento del adhesivo"
912,"Uno de los principales inconvenientes de las uniones híbridas, frente a las uniones mecánicas, es su menor resistencia a la fatiga"
913,"Durante la solidificación de una aleación, los fenómenos dedifusión son más rápidos que la solidificación diferencial y por ello se produce la estructura dendrítica"
914,La fragilización por hidrógeno de un acero tiene lugar durante la soldadura
915,Las uniones mecánicas mediante insertos se utilizan fundamentalmente para materiales plásticos
916,Las uniones mecánicas clinchadas se realizan mediante la embutición parcial de una de las chapas a unir en la otra
917,"En los procesos de soldadura de materiales plásticos por alta frecuencia, los materiales sensibles utilizados para el calentamiento quedan incorporados a la soldadura"
918,Las uniones híbridas presentan mayor rigidez que las uniones adhesivas
919,Las uniones híbridas permiten evitar la pérdida del par de las uniones mecánicas atornilladas
920,Las uniones mecánicas mediantes remaches realizadas en frío presentan mayor fuerza de apriete que las realizadas en caliente
921,Los aceros aleados templables pueden ser utilizados para fabricar remaches que se utilicen en caliente
922,Mediante los procesos de soldadura fuerte y blanda no pueden obtenerse uniones a tope en piezas biseladas
923,Los procesos de soldadura por extrusión de materiales plásticos utilizan gas caliente como fuente de calor
924,Las uniones estructurales adhesivas suelen ser más rígidas que las realizadas por puntos de soldadura
925,La soldadura por electroescoria es una técnica en la que el calor es generado por un arco eléctrico
926,La soldadura fuerte es un proceso en el que la temperatura de fusión del metal base es superior a 450ºC
927,El roblonado se puede hacer tanto en frío como en caliente
928,La soldadura LÁSER puede ser utilizada para realizar uniones metal-plástico
929,En la soldadura TIG de aceros al carbono se utiliza corriente continua con polaridad inversa
930,La aleación Ag-Cu-Ti se utiliza como aporte de metal activo en la soldadura fuerte metal-cerámica
931,La soldadura por plasma requiere un menor caudal de gas que los procesos de corte por plasma
932,"La soldadura por batido, (Friction Stir Welding) está especialmente diseñada para la soldadura de aceros aleados de alta resistencia"
933,En las uniones híbridas de uniones mecánicas y adhesivas se debe realizar en primer lugar la unión mecánica
934,Las uniones mecánicas mediantes mediaches realizadas en frío presentan mayor fuerza de apriete que las realizadas en caliente
935,El aumento del contenido en carbono equivalente en un acero al carbono de baja o media aleación produce una disminución de la soldabilidad
936,En los procesos de soldadura por fricción rotación (Friction Stir Welding) al menos una de las piezas a unir debe girar durante el calentamiento
937,El clinchado requiere la perforación previa de la chapa
938,"Los adhesivos mas utilizados, en las uniones híbridas, son las resinas epoxy"
939,Un tornillo con adhesivo en la zona roscada al atornillarse formará una unión híbrida
940,Las intercapas de las uniones por difusión metal-cerámica suelen ser láminas cerámicas de alta ductilidad
941,Una causa de las tensiones residuales son las variaciones de volumen por cambios de fase
942,Mediante los procesos de soldadura por ultrasonidos de materiales plásticos sólo pueden unirse piezas de pequeño espesor
943,La unión por clinchado es un proceso de recalcado
944,"Las uniones remachadas en caliente, en comparación con las realizadas en frío, se utilizan principalmente para espesores menores"
945,Las uniones mecánicas iinducen una mayor concentración de tensiones que las uniones adhesivas
946,"Las tensiones residuales postsoldadura de una pieza no empotrada, son despreciables"
947,La soldadura por arco sumergido se utiliza en todas las posiciones
948,La soldadura por costura se considera una unión mecánica
949,La unión clinchada tiene más riesgos de corrosión que la unión remachada
950,La energía utilizada en la soldadura por arco es la aportada por el plasma formado entre un electrodo y la pieza
951,El tratamiento de postsoldadura mejora las propiedades mecánicas al reducidir el contenido de hidrógeno
952,La soldadura por batido (Friction Stir Welding) está especialmente diseñada para la soldadura de aceros aleados de alta resistencia
953,Una unión a solape remachada experimenta picos de carga más acusados que si está realizada por soldadura fuerte
954,Los materiales para muelles suelen tener una tenacidad mayor que los materiales para soldadura
955,La estabilidad de un arco eléctrico con corriente alterna es mayor que con corriente continua
956,La soldadura de termoplásticos se realiza utilizan calor presión y sin material de aporte
957,La zona denominada dardo en una soldadura oxigas es donde se encuentran los productos de combustión primaria
958,Se requieren valores bajos de tensión e intensidad para lograr una transferencia por arco corto en soldadura MIG/MAG
959,Cuando en un proceso MIG/MAG se utilizan hilos tubulares hay formación de escoria
960,La soldadura aluminotérmica utiliza como fuente de calor el generado por la reacción química entre el hierro y el polvo de aluminio
961,"Cuando se realiza la soldadura en varias pasadas, la influencia térmica de las pasadas superiores, provoca un aumento de grano en el metal depositado en las pasadas inferiores"
962,Una ventaja de los procesos de soldadura por fusión es que no se producen fenómenos de segregación
963,La potencia del soplete en soldadura oxigas se define como el gasto de gas cumbustible expresado en litros/hora
964,"Una de las causas por la que se utiliza electrodos de wolframio puro en la soldadura TIG de aleaciones de aluminio, es su bajo poder termoiónico"
965,En la soldadura MIG/MAG se utiliza transoferencia por arco sparay para medianos y grandes espesores
966,La soldadura en estado sólido tiene ciclos térmicos largos
967,En la soldadura de aceros inoxidables austeníticos se realizan habitualmente precalentamientos
968,"En los procesos de soldadura oxigás, las caraceteríticas químicas de la llama se regulan mediante la apertura o cierre de la cámara de mezcla del soplete"
969,El oxicorte está limitado a espesores pequeños de aceros al carbono y de baja aleación
970,El arco globular en los procesos de soldadura MIG no es utilizado habitualmente
971,La soldadura aluminotérmica es un proceso de soldadura en estado sólido
972,El aumento de la energía aportada en los procesos de soldadura por fusión favorece la disminución de la velocidad de enfriamiento
973,"Los aceros de fácil mecanización (contenido elevado de azufre) presentan, en general, una alta soldabilidad"
974,En la soldadura de las aleaciones de aluminio endurecibles por deformación pueden producir fisuras en caliente en la zona de maduración artificial
975,En la soldadura por difusión no es utilizada con materiales cerámicos
976,Mediante un proceso de oxicorte pueden cortarse varias piezas simultáneamente
977,"En la soldadura por protuberancias, el diámetro del punto es independiente del tamaño de los electrodos utilizados"
978,"En los cordones de soldadura, en comparación con la ZAT, la temperatura alcanzada en mayor y la velocidad de enfriamento menor"
979,Existen procesos híbridos de soldadura fuerte como el MIG-Brazing
980,"Las uniones plegadas pueden utilizarse para chapas, pero no para tubos"
981,La columna del arco eléctrico no se considera plasma porque la cantidad de iones y átomos disociados es muy pequeña
982,"En la soldadura de un recipiente a presión de acero de baja aleación, se recomienda utilizar una secuencia de soldadura mediante ""paso de peregrino"" para evitar la aparición de inclusiones de mordeduras"
983,El corte con plasma se puede realizar disponiendo la pieza bajo el agua para evitar su excesivo calentamiento
984,La soldadura por láser no requiere una gran precisión en el posicionamiento y focalización de las piezas a soldar
985,La soldadura por arco sumergido está especialmente indicada para pequeños espesores
986,Los equipos de soldadura por arco sumergido permiten un ajuste automatizado de parámetros de soldadura
987,"Para la realización de un recipiente a presión soldado de elevada responsabilidad, elegiría electrodos de rutilo por ser de fácil cebado y mantener arcos estables"
988,"En la soldadura por plasma, el gas plasmático más utilizado es el Ar"
989,"En polaridad directa, los electrones del arco eléctrico van de la pieza al electrodo"
990,Un equipo de soldadura por haz de electrones emite estos electrones por efecto termoiónico
991,La soldadura por microplasma utiliza intensidades de corriente inferiores a 20 A
992,Los electrodos de rutilo tienen una buena función eléctrica
993,"La precipitación de carburos de cromo en la ZAT que reduce las propiedades frente a la corrosión de los aceros inoxidables austeníticos 18-8, es un problema de soldabilidad constructiva"
994,"En la soldadura por electrodo revestido, si cambiamos el electrodo que estamos usando por otro con un diámetro mayor del alma, deberemos aumentar la intensidad de la corriente"
995,La soldadura de circuitos impresos se realiza con soldadura fuerte
996,La soldabilidad operatoria analiza las tensiones y deformaciones producidas durante la soldadura
997,En la soldadura por protuberancias los puntos soldados se superponen unos a otros formando una unión continua
998,La soldadura en cornisa presenta la misma dificultad de ejecución que la soladura plana
999,"En soldadura por láser, YAG es un acrónimo de Ytrio-Aluminio-Gadolinio"
1000,En los procesos de soldadura por fricción rotación (Friction Stir Welding) al menos una de la piezas a unir debe girar durante el calentamiento
1001,"Las uniones remachas se utilizan mucho en estructuras de acero, pero muy raramente en aleaciones de aluminio"
1002,El flux de relleno de los hilos tubulares puede ser de carácter básico o celulósico
1003,El oxicorte es un proceso fácilmente automatizable
1004,En la soldadura por láser la zona de unión debe ser protegida por un gas inerte
1005,La función mecánica del revestimiento de los electrodos es envolver las gotas de metal líquido y recubrir el baño de fusión para proteger el metal en todo momento de la atmósfera
1006,La soldadura por fusión modifica el estado de tratamiento térmico del metal base en la zona de unión
1007,Las uniones remachadas en caliente se siguen utilizando ampliamente en la construcción de estructuras de material no férreo
1008,Una gran ventaja de la soldadura por arco sumergido es que la aportación térmica a la unión es pequeña
1009,La soldadura por arco sumergido requiere equipos voluminosos con los accesorios de aporte y aspiración
1010,La soldadura en cornisa no se puede realizar mediante soldadura por electroescoria
1011,El precio de un equipo de soldadura por haz de electrones es similar al de un equipo de soldadura MIG/MAG de última generación
1012,La soldadura por arco sumergido tiene el inconveniente de generar gran cantidad de proyecciones
1013,La zona de recocido es la parte de la ZAT que está más próxima a la zona fundida
1014,Las uniones mecánicas inducen una mayor concentración de tensiones que las uniones adhesivas
1015,El arco eléctrico puede funcionar tanto con corriente continua como con corriente alterna
1016,La presencia de tensiones residuales en una soldadura compromete la estabilidad dimensional de la estructura
1017,Los equipos de soldadura trabajan con elevada tensión y baja intensidad
1018,"En la soldadura TIG, cuando se utiliza corriente alterna, se prefiere utilizar electrodos de volframio aleados con torio o circonio"
1019,El arco eléctrico trabaja con polaridad directa cuando el electrodo está conectado al polo positivo
1020,"En el corte con plasma, el chorro de plasma sale a través del orificio de la boquilla a una velocidad próxima a la del sonido"
1021,Los electrodos de bajo hidrógeno deben permanecer dentro de una estufa antes de ser utilizados
1022,Las fundiciones blancas presentan buena soldabilidad
1023,En la soldadura MIG/MAG del aluminio es habitual utilizar Ar con un 25% de CO2
1024,"La transferencia por cortocircuito en soldadura MIG/MAG, no puede utilizarse en la posición bajo techo"
1025,"En soldadura por arco sumergido, el fundente o flux se denomina activo cuando añade elementos aleantes al baño de fusión"
1026,Las uniones con cola de milano se consideran desmontables
1027,La segunda etapa de la combustión del acetileno produce CO2 y H2O
1028,En la soldadura MIG/MAG el hilo de aporte se alimenta de manera automática
1029,Los electrodos de rutilo producen gran cantidad de proyecciones
1030,La soldadura por alta frecuencia se utiliza para la fabricación de tubos soldados partiendo de chapa
1031,En la soldadura TIG el flujo de gas de protección debe ser turbulento para garantizar una adecuada protección del baño de fusión
1032,Los procesos de soldadura por fricción rotación (Friction Stir Welding) permiten obtener uniones a tope
1033,"Según la curva característica del equipo de soldadura por arco, cuando está en circuito abierto la intensidad es cero"
1034,Las uniones híbridas presentan los mismos problemas de pelado que las adhesivas
1035,"En soldadura por arco sumergido, el fundente o flux, al fundirse, es el encargado de proteger al metal fundido y mejorar sus propiedades"
1036,Las uniones remachadas en frío se siguen utilizando ampliamente en la construcción de estructuras de material no férreo
1037,"El corte por plasma con arco no transferido, requiere que el material a cortar sea conductor"
1038,La soldadura TIG permite obtener un muy buen acabado superficial
1039,Los procesos de soldadura por fricción rotación (Friction Stir Welding) son procesos de soldadura por fusión
1040,La soldadura por gas caliente de plásticos se realiza sin material de aporte
1041,"La soldadura por arco sumergido requiere una preparación en V con un ángulo de apertura grande, ya que la penetración es baja"
1042,"La soldadura por puntos puede unir piezas disimilares, ya sea en composición química o en espesor"
1043,La soldadura por forja requiere impactos a elevada velocidad para que la unión sea eficaz
1044,En la soldadura por protuberancias se pueden realizar varios puntos de soldadura simultáneamente
1045,La máxima temperatura del soplete acetilénico se localiza en el extremo del cono azul
1046,La construcción de una estructura con uniones a tope requiere menos peso de material que con uniones a solape
1047,El agrietamiento en caliente de una soldadura está favorecido por la rigidez de la unión (como un doble empotramiento)
1048,"La soldadura por haz de electrones, debido a la alta concentración de energía aplicada, produce uniones con estructura de grano grueso"
1049,La soldadura LÁSER es especialmente adecuada para unir polímeros termoplásticos con una absorción óptica similar de la longitud de onda empleada
1050,"En los procesos de soldadura por plasma, el arco se constriñe en la salida de la tobera de la boquilla"
1051,"La presencia de elementos ionizantes sobre el metal, favorecerá la estabilidad del arco eléctrico"
1052,"En la soldadura oxigás, las propiedades económicas dependen del poder de combustión de la mezcla de gases"
1053,Los soldadores no requieren homologarse en la posición plana por su facilidad de ejecución
1054,La velocidad de salida de gas es mayor en los procesos de soldadura por plasma que la utilizada en los procesos de corte por plasma
1055,La unión por medio de tornillos se usa en el caso de existir agujeros ciegos
1056,Los procesos de soldadura fuerte y blanda pueden utilizarse en piezas de precisión
1057,Las uniones rígidas pueden ser desmontables o permanentes
1058,La soldadura por fricción - rotación (Friction Stir Welding) está especialmente diseñada para la soldadura de aceros aleados de alta resistencia
1059,Para mejorar el rendimiento de la soldadura de plásticos con resistencia se utiliza un equipo de extrusión
1060,Un problema importante que se presenta en soldadura por arco sumergido es la posible desviación del arco por el viento
1061,"Una vez terminada la soldadura de una pieza, deberá realizarse el punteo de la misma"
1062,La unión por clinchado puede automatizarse en una línea de montaje
1063,"Para lograr un efecto de limpieza superficial (efecto decapante) en la pieza a soldar, en una soldadura por arco eléctrico, se utiliza polaridad directa"
1064,"Las tensiones residuales ya existentes en una soldadura, sólo se pueden atenuar por vía térmica"
1065,En una soldadura en cruz de dos chapas de 9 mm con dos chapas de 3 mm de espesor el IBT tiene un valor de 3
1066,La soldadura de los aceros con estructura martensítica es más susceptible de fragilización por hidrógeno que la bainítica
1067,Los electrodos básicos se denominan volátiles porque tras la soldadura no dejan escoria
1068,El oxicorte puede cortar varias piezas apiladas de manera simultánea
1069,El oxicorte de una chapa de acero requiere precalentarla antes de aplicar el oxígeno de corte
1070,"El arco eléctrico con corriente alterna, funciona de manera más estable con polaridad directa"
1071,La energía aportada en la soldadura por haz de electrones se mide por la ley de Joule
1072,La soldabilidad metalúrgica está ligada al análisis de las transformaciones que sufre el metal o aleación durante la unión
1073,El arco eléctrico es más estable en corriente alterna que en corriente continua
1074,Reducir el número de pasadas es una forma de atenuar las deformaciones por técnicas de soldadura
1075,"En la soldadura TIG del aluminio con corriente alterna, se suele incorporar un generador de corriente de alta frecuencia para mejorar la estabilidad del arco eléctrico"
1076,Las uniones atornilladas tienen un montaje y desmontaje difícil
1077,Las uniones plegadas se utilizan generalmente en uniones chapas entre 1 y 5 mm
1078,"Soldabilidad constructiva analiza la sensibilidad de la unión a las tensiones y deformaciones, así como su integridad frente a las mismas"
1079,La ley de Joule aplicada a la soldadura por resistencia es: Q = V2Rt
1080,"En la soldadura por puntos, la presión ejercida en la etapa de soldadura es superior a la aplicada en la fase de forja"
1081,"El He tiene menor mayor densidad que el Ar, por lo que se requiere menor caudal para obtener el mismo grado de protección"
1082,En la soldadura GTAW el elevado punto de fusión del volframio evita su desgaste y su fusión
1083,El tungsteno y el volframio son el mismo metal
1084,La soldadura TIG es difícilmente automatizable
1085,El oxicorte de chapas de acero al carbono es lento y caro
1086,El arco eléctrico trabaja con polaridad inversa cuando la pieza está conectada al cátodo
1087,"En soldadura oxigás, la energía aportada se mide por el poder calorífico del gas combustible y su consumo (litros/hora)"
1088,"En muchas ocasiones la pasada de raíz de los recipientes a presión se realiza con soldadura TIG, por su alta calidad y precisión, y posteriormente se rellena la unión con otra técnica que dé mayor rendimiento como la MIG/MAG"
1089,La soldadura FCAW se utiliza fundamentalmente en espesores inferiores a 4 mm
1090,La primera etapa de la combustión del acetileno produce CO2 y H2
1091,"El He tiene menor conductividad térmica que el Ar, por lo que concentra mejor el calor de una soldadura"
1092,"En la soldadura con electrodos celulósicos de una tubería de acero, sin resanado de raíz, se generan gran cantidad de proyecciones ya que su función eléctrica no es buena"
1093,El oxicorte únicamente puede cortar piezas de pequeño espesor
1094,"Cuando se realiza la soldadura en varias pasadas, la influencia térmica de las pasadas superiores, provoca un aumento de grano en el metal depositado de las pasadas inferiores"
1095,"En soldadura por arco sumergido, el electrodo que actúa como metal de aportación"
1096,"En la soldadura por plasma, en aplicaciones que precisan concentración de energía baja, se utiliza únicamente el modo de arco no transferido"
1097,Mediante la soldadura por fusión no se pueden realizar uniones disimilares
1098,"En la soldadura por puntos, la zona de salpicaduras se puede alcanzar tanto por exceso de intensidad como de tiempo"
1099,Los defectos de mordeduras y el exceso de proyecciones se deben a utilizar parámetros de soldadura equivocados y son achacables principalmente al soldador
1100,El láser se puede transmitir por el aire o a través de fibra óptica
1101,AWS es una empresa internacional fabricante de electrodos para la soldadura
1102,Los equipos de soldadura MIG/MAG utilizan válvulas reductoras de presión
1103,Los hilos utilizados en la soldadura MIG/MAG pueden ser macizos o estar rellenos de material metálico en polvo
1104,"El CO2, desde el punto de vista de protección de una unión soldada, se considera un gas inerte"
1105,La EBA es inferior a la ENA
1106,"El aflojamiento intencionado o autoaflojamiento de un tornillo en servicio por vibraciones u otras causas, provoca el debilitamiento de la unión y su posible fallo"
1107,La aleación Al-Si se utiliza como aporte en la soldadura blanda de las aleaciones de aluminio
1108,"Las deformaciones durante la realización de una soldadura, se pueden prevenir por fijaciones o elementos que restrinjan el desplazamiento de las piezas a unir"
1109,Los decapantes que se utilizan en soldadura blanda y fuerte son de composición diferente
1110,"En la zona de transformación A1-A3 de un acero bajo en carbono, se produce la descohesión de la perlita"
1111,"En la transferencia por cortocircuito en soldadura MIG/MAG, de pueden producir faltas de fusión si la gota líquida no se une adecuadamente al baño de fusión"
1112,Un inconveniente del oxicorte es que sólo es posible obtener geometrías rectas y simples
1113,"Los procesos de soldadura más utilizados para la unión de materiales compuestos de matriz metálica, son la soldadura sin fusión y la soldadura blanda y fuerte"
1114,"En la soldadura MIG/MAG, para producir la transferencia por arco-spray se necesita bajos valores de intensidad y tensión"
1115,"Las uniones articuladas permiten el movimiento alternativo, pero no la rotación entre las piezas a unir"
1116,La soldadura blanda permite soldar varias piezas al mismo tiempo
1117,La soldadura aluminotérmica se utiliza en la unión a solape de chapas finas de acero inoxidable austenítico
1118,"En la soldadura oxigás, se trabaja con llamas neutras o reductoras para evitar oxidaciones y carburaciones"
1119,En las uniones atornilladas las tensiones tienden a acumularse en los extremos de los taladros
1120,Los hilos utilizados en la soldadura FCAW pueden tener naturaleza básica o rutilo
1121,"En la soldadura oxigás, la flexibilidad depende de los límites de inflamabilidad de la mezcla combustible-comburente"
1122,"Las principales modificaciones que se producen en la ZAT en la soldadura de un acero al carbono son: crecimiento de grano, fenómenos de recristalización y modificaciones físico-químicas"
1123,"En soldadura por arco sumergido, los fundente o flux se denominan neutros o activos en función de su índice de basicidad"
1124,"El revestimiento de los electrodos cuando solidifica, se transforma en escoria, que hay que eliminar"
1125,Soldadura por difusión debe realizarse en atmósfera inerte para evitar la oxidación de las superficies a unir
1126,"En la soldadura de materiales compuestos de matriz polimérica son más eficaces aquellas técnicas en que la zona soldada es muy delgada, de forma que suponga una menor discontinuidad en las propiedades de las piezas a unir"
1127,"Para la pasada de raíz de tuberías con electrodo revestido, donde no se puede hacer el resanado de raíz, se realiza preferentemente con electrodos celulósicos"
1128,La soldadura por fusión suele presentar menor homogeneidad química que la soldadura blanda
1129,"Un aumento de la ENA, utilizando el mismo proceso de soldadura, produce un aumento del tamaño de la ZAT"
1130,"Puede utilizarse el oxicorte para corta acero inoxidable, pero la calidad del corte es baja y los bordes quedan contaminados"
1131,"Si el carbono equivalente de un acero es 0,6%, tiene riesgo de que aparezcan estructuras martensíticas en la ZAT y se recomienda precalentarlo antes de empezar a soldarlo"
1132,La soldadura aluminotérmica es independiente de cualquier fuente exterior de energía
1133,"La soldadura TIG de un recipiente a presión de acero al carbono de 5 mm de espesor, es adecuado realizarlo con voltaje bajo e intensidad elevada, utilizando la polaridad directa"
1134,"En la soldadura por plasma con arco transferido, la pieza está conectada al polo negativo y el electrodo al positivo"
1135,A bajas intensidades de corriente el arco eléctrico es muy inestable ya que la resistencia disminuye cuando la intensidad del arco aumenta
1136,La soldadura por fusión suele presentar menor homogeneidad química que la soldadura por fricción
1137,Las uniones con ejes nervados se consideran permanentes
1138,El desarrollo científico y técnico de la soldadura se realizó en el siglo XIX
1139,"En la soldadura oxigás, las propiedades térmicas dependen de la fácil localización del punto de máxima temperatura"
1140,La función eléctrica del electrodo revestido es aportar elementos ionizables para facilitar el cebado y la estabilidad del arco
1141,La estabilidad del arco es dependiente del poder termoiónico del metal donde se encuentra el ánodo
1142,"Algunas uniones mecánicas, como las roblonadas, están diseñadas para poder desmontarse fácilmente"
1143,La soldadura TIG tiene restringido su uso a las posiciones plana y vertical ascendente
1144,"En la soldadura por fusión, el metal de aportación tiene siempre la misma composición que el metal base"
1145,"En la soldadura por puntos, la variable más importante para transmitir la máxima energía a la unión es la tensión eléctrica aplicada"
1146,La soldadura por haz de electrones permite cambiar la distancia focal modificando la corriente de la bobina focalizadora
1147,La soldadura oxídrica se utiliza para la soldadura del aluminio
1148,A los materiales utilizados para fabricar muelles se les pide elevado alargamiento y estricción
1149,"En la soldadura por plasma, el plasma se obtiene haciendo pasar una corriente de gas a través de una tobera donde se calienta e ioniza mediante un arco eléctrico inicial o piloto entre el electrodo de volframio y el extremo de la boquilla"
1150,"La necesidad de condiciones especiales para la soldadura del aluminio, por la formación de alúmina sobre el baño de fusión, que dificulta o impide la soldadura, es un problema de soldabilidad operatoria"
1151,"La soldadura por arco sumergido proporciona un elevado aporte térmico, pero un mal acabado superficial"
1152,En la soldadura por resistencia la resistencia más elevada de la unión se produce en el contacto de los electrodos con la pieza a soldar
1153,"La preparación de bordes en X para una soldadura a tope, se realiza para espesores más gruesos que la preparación en V"
1154,"En los procesos de soldadura en estado sólido, las propiedades de la unión son similares al del metal base"
1155,La soldadura oxigás no permite soldar grandes espesores
1156,En un arco eléctrico la mayor concentración de calor (70%) se produce en el cátodo
1157,En la soldadura oxigás el comburente es el oxígeno
1158,"Las cuatro fases del ciclo de soldadura por resistencia son: Posicionamiento, soldadura, deformación e intervalo"
1159,La soldadura FCAW puede utilizarse a la intemperie cuando se utiliza hilo autoprotegido
1160,"La descohesión de la perlita que se produce en la zona de transformación A1-A3, no produce una modificación significativa de las propiedades originales del metal base"
1161,La soldadura por haz de electrones requiere protección de gas inerte en la zona del baño de fusión
1162,La soldadura por arco sumergido se puede realizar sin aporte de material
1163,En los procesos de soldadura en estado sólido la productividad es elevada
1164,Los electrodos de rutilo forman una escoria fluida que se desprende fácilmente
1165,La soldadura oxiacetilénica no se puede utilizar para reparar soldaduras de acero realizadas con electrodo revestido
1166,La soldadura de plásticos por ultrasonidos tiene el inconveniente de ser un proceso lento hasta conseguir la fusión de las superficies en contacto
1167,En la soldadura aluminotérmica se requiere precalentar bien la junta antes de soldar
1168,En la soldadura por plasma la densidad de energía es muy superior a la utilizada en el proceso TIG
1169,"Los polvos o fundentes en la soldadura por arco sumergido, deben manipularse con precaución para evitar contaminaciones y la absorción de humedad"
1170,"En la soldadura con electrodo revestido, si los parámetros de soldeo no son los adecuados, se pueden generar gran cantidad de proyecciones"
1171,"La soldadura por arco sumergido, en algunas geometrías, requiere utilizar anillos de respaldo para evitar descuelgues del metal"
1172,"En la transferencia por cortocircuito en soldadura MIG/MAG, el arco es inestable, ruidoso y de baja energía"
1173,La soldadura aluminotérmica se utiliza en la unión de rieles de ferrocarril
1174,La conductividad térmica del CO2 es menor que la del Ar
1175,"En una soldadura, se denomina ZAT a la zona donde se supera la temperatura de “liquidus” del metal"
1176,Los equipos de soldadura por arco sumergido disponen de una tolva para recoger el polvo sobrante al terminar la soldadura
1177,"En la soldadura por plasma con arco no transferido, la boquilla de la pistola está conectada al polo positivo"
1178,En la ZAT de aceros de bajo contenido en carbono puede aparecer la estructura de Widmanstätten
1179,En la soldadura aluminotérmica la tasa de deposición es baja
1180,Las uniones roscadas pueden ser selladas
1181,"La precipitación de fases en la ZAT en la soldadura de las aleaciones de aluminio de alta resistencia que las hace no soldables, se considera un problema de soldabilidad operatoria"
1182,La EBA dividida por la ENA es igual al rendimiento térmico del proceso de soldadura
1183,La soldadura por alta frecuencia utiliza frecuencias de corriente entre los 1000 y 5000 Hz
1184,"Las uniones atornilladas tienen una preparación laboriosa, es necesario taladrar y roscar"
1185,La preparación de bordes en V es más costosa que la preparación en U
1186,La segunda etapa de la combustión del acetileno produce en el cono azul
1187,"La soldadura por haz de electrones de un engranaje, produce alta concentración de energía por la acumulación de fotones en una zona muy pequeña, con lo que se consigue una soldadura con poca afectación térmica y escasas deformaciones"
1188,La parte metálica del electrodo revestido se llama alma
1189,"Un soldador homologado en soldadura MIG/MAG, puede soldar con el proceso FCAW sin necesidad de rehomologarse"
1190,En la soldadura por resistencia el calor para fundir el metal es consecuencia del paso de corriente de acuerdo con la ley de Joule
1191,La soldadura TIG tiene restringido su uso a la soldadura de aceros y aleaciones de aluminio
1192,La soldadura por chispa es una variante de la soldadura por resistencia que se utiliza para la soldadura de vías férreas
1193,"Después de la soldadura de un acero, quedan tensiones residuales de tracción en sentido longitudinal del orden del límite elástico del material base"
1194,En la soldadura por resistencia la energía aportada en la soldadura se mide en J
1195,"En la soldadura por costura, la roldana se refrigera interiormente con agua"
1196,"En la soldadura por puntos, el núcleo fundido puede ser hasta un 10% mayor que el diámetro de los electrodos"
1197,La soldadura MIG/MAG puede utilizar como gas de protección CO2 en un porcentaje del 100%
1198,En un láser de diodo el medio activo es la unión p-n de un semiconductor fuertemente dopado
1199,"La soldadura por fusión presenta problemas de contaminación ambiental, por lo que se suelen utilizar extractores de humo sobre los puestos de soldeo"
1200,"Según la curva característica del equipo de soldadura por arco, cuando está en cortocircuito la tensión aportada es superior a la que se produce cuando está en el punto de trabajo"
1201,La unión a tope no se puede realizar con penetración completa
1202,La soldadura con electrodo revestido proporciona mayor productividad que la soldadura MIG/MAG
1203,La soldadura aluminotérmica presenta baja reproducibilidad
1204,El componente principal del revestimiento de los electrodos volátiles es la celulosa
1205,"El corte por plasma con arco transferido, requiere que el material a cortar sea conductor"
1206,La soldadura TIG requiere una exhaustiva eliminación de la escoria entre pasada y pasada
1207,La energía aportada por unidad de longitud en la soldadura por arco eléctrico se mide en J/m
1208,"En la soldadura MIG/MAG de acero al carbono, es habitual utilizar gas de respaldo con un 2% de H2 para generar una atmósfera reductora que evite la oxidación de la raíz"
1209,"En los equipos de tensión constante, utilizados en soldadura por arco, la relación tensión-intensidad presenta una pendiente negativa pequeña."
1210,Algunos láseres permiten utilizar grandes distancias entre el cabezal y la pieza.
1211,El propano se puede utilizar para realizar soldaduras oxigás.
1212,En la soldadura MIG/MAG el hilo de aporte se cobrea superficialmente para facilitar el paso de la corriente eléctrica del equipo al electrodo.
1213,Las uniones atornilladas son más baratas que las remachadas.
1214,"En la soldadura TIG el aporte de calor y de material son independientes, lo que facilita su control."
1215,La varilla metálica de un electrodo revestido se llama alma.
1216,El rendimiento energético del láser es superior al del haz de electrones.
1217,Una gran ventaja de la soldadura por arco sumergido es que la aportación térmica a la unión es pequeña.
1218,"El láser se refleja en las superficies metálicas en función de su naturaleza, independientemente de su acabado superficial."
1219,"El proceso de soldadura MIG/MAG puede utilizarse a la intemperie, ya que los gases protegen el baño de fusión."
1220,"La soldadura por forja no se puede realizar sin la aplicación de una fuente externa de calor, previa al forjado."
1221,"Las primeras soldaduras con arco eléctrico con electrodo de acero desnudo, dieron lugar a soldaduras de alta calidad, lo que favoreció el rápido desarrollo de la soldadura por arco eléctrico."
1222,"El revestimiento de los electrodos realiza tres funciones: eléctrica, mecánica y metalúrgica."
1223,"El rendimiento térmico del proceso TIG es del orden de 0,9."
1224,La realización de soldaduras sin defectos con la tecnología MIG/MAG requiere de soldadores homologados de amplia experiencia.
1225,La función metalúrgica de los electrodos revestidos dificulta la absorción de gases de la atmósfera y la oxidación del metal fundido.
1226,"La soldadura por puntos puede unir aceros al carbono, aceros inoxidables y aleaciones no férreas."
1227,El desgarre laminar está asociado a la calidad del metal base.
1228,"El precalentamiento de una unión soldada, facilita la fusión de metales de alta conductividad térmica como el Cu."
1229,"En la soldadura por láser el consumo de agua, gases y electricidad es importante."
1230,Los agujeros para el remache en las piezas deben mecanizarse en conjunto para evitar excentricidades.
1231,"En los procesos de soldadura en estado sólido, pueden unirse materiales disimilares"
1232,Los procesos de soldadura por fusión pueden soldar grandes espesores
1233,La soldadura por fricción produce la fusión local de las superficies en contacto
1234,En la soldadura por costura está diseñada para unir espesores de acero al carbono superiores a 3 mm
1235,Las uniones atornilladas son más baratas que las remachadas
1236,El oxicorte no puede utilizarse para cortar fundiciones grises
1237,"En la soldadura de materiales compuestos resulta difícil conseguir una adecuada distribución, orientación y fracción volumétrica del refuerzo en la zona de unión"
1238,En una soldadura a tope de dos chapas de 9 mm de espesor el IBT tiene un valor de 3
1239,"Los electrodos básicos proporcionan a la unión altas propiedades mecánicas, especialmente buena tenacidad"
1240,"En una soldadura, se denomina metal base a la zona alejada del cordón, en la cual no se han producido cambios estructurales y de propiedades de consideración"
1241,"En la soldadura de un recipiente a presión de acero de baja aleación, se recomienda utilizar una secuencia de soldadura mediante “paso de peregrino” para evitar la aparición de inclusiones de mordeduras"
1242,En la zona de sobrecalentamiento de la ZAT se alcanzan temperaturas entre 900 y 1100 ºC
1243,"A temperaturas muy altas y con tensiones bajas, la fluencia se produce por un mecanismo de difusión atómica"
1244,A temperatura ambiente el acero no presenta fluencia
1245,A tensiones pequeñas una fracción grande de la vida a fatiga es utilizada en la iniciación de la grieta
1246,"A una temperatura de 0,5 TE y menor, un tamaño de grano pequeño aumenta la velocidad de deformación en estado estable"
1247,Al aumentar la temperatura de fluencia y reducirse la tensión aumenta el porcentaje de fluencia por difusión
1248,"Al disminuir la frecuencia de los ciclos, manteniendo el mismo nivel de cargas, aumenta la sensibilidad a la corrosión-fatiga"
1249,Al producirse la restauración dinámica se acelera el proceso de termofluencia
1250,Aumentar la temperatura de fluencia a tensión constante aumenta la deformación instantánea
1251,Conseguir que las superficie sometidas a movimiento relativo estén en condiciones electroquímicas de inmunidad evita el desgate triboquímico
1252,Cuando dos metales distintos se ponen en contacto a través de un medio electrolítico se obtiene una pila galvánica
1253,"Cuando en el Diagrama de Pourbaix aparece una reacción en la que solo intervienen electrones, esta reacción solo dependerá del pH de la solución"
1254,Cuando en fatiga ΔK es igual ΔKth se cumplen las condiciones de la ecuación de Paris
1255,"Cuando hay líquidos, que tengan partículas sólidas en suspensión, en movimiento sobre superficies metálicas, con velocidades de circulación menores de 1 m/s, estas partículas se depositan en los metales produciendo corrosión por aireación superficial"
1256,"Cuando la relación R de Pilling-Bedworrth es igual a 1, los óxidos formados tienen tendencia a resquebrajarse"
1257,Cuando la relación R de Pilling-Bedworth es <1 se forman óxidos porosos no protectores
1258,"Cuando las leyes que rigen la formación de las capas de óxido en función del tiempo, son de tipo logarítmico o asintótico estas películas son más delgadas y normalmente garantizan una larga vida"
1259,"Cuando se conectan dos electrodos, el de potencial más negativo hará de cátodo"
1260,"Cuando se considera el desgaste por fatiga entre superficies que tienen un movimiento de rodadura con deslizamiento, las tensiones máximas se encuentran en la superficie"
1261,"Cuando un elemento frágil se encuentra sometido a un estado de esfuerzos triaxiales, puede tener un comportamiento dúctil"
1262,"Cuando un material está sometido a fatiga, se denomina ciclo de carga invertida cuando está sometida a una tensión sinusoidal con máximos y mínimos asimétricos respecto al nivel cero de tensiones"
1263,"Cuando un material presenta un comportamiento elasto-plástico con rotura dúctil, el cálculo de la resistencia a la propagación de grieta se realiza mediante un modelo lineal-elástico"
1264,"Cuando un metal está parcialmente en contacto con un líquido, la corrosión se produce en las partes más aireadas"
1265,"Dentro de las pérdidas directas producidas por corrosión, se encuentra la utilización de aleaciones resistentes a la corrosión"
1266,Durante la etapa I de propagación de grietas por fatiga la rotura se produce en la dirección de la tensión cortante máxima
1267,Durante la etapa I de propagación de grietas por fatiga la rotura se produce en la dirección perpendicular a la tensión aplicada
1268,Durante la etapa I de propagación de grietas por fatiga la rotura se produce en la dirección perpendicular a la tensión cortante máxima
1269,Durante la propagación de la fatiga la grieta avanza de forma gradual en cada ciclo de carga
1270,El acero inoxidable austenítico no presenta temperatura de transición tenacidad-fragilidad
1271,El aumento de la tensión mínima reduce la vida en fatiga
1272,El borde de grano en un metal puro es más propenso al ataque que el centro del grano
1273,El coeficiente de fatiga R está comprendido entre 0 y 1
1274,El CTOD se mide mediante un extensómetro en la superficie de la grieta
1275,El desgaste por adhesión está directamente relacionado con la tendencia de los materiales a formar soluciones sólidas
1276,El desgaste por adhesión puede producirse entre materiales que no estén en contacto físico
1277,El desgaste por fatiga superficial implica un contacto directo entre las superficies
1278,El desgaste severo produce una fuerte deformación de la superficie sin desprendimiento de partículas
1279,El desgaste suave da lugar a partículas desprendidas de pocos nm
1280,El efecto de la fatiga térmica es menor cuando el coeficiente de dilatación térmica del material es bajo
1281,El efecto de una segunda fase dispersa es aumentar la velocidad de fluencia
1282,El electrodo de calomelanos está formado por un tubo de cobre que tiene en su interior una solución saturada se sulfato de cobre
1283,El endurecimiento superficial acorta la vida a fatiga al fragilizar la pieza
1284,El endurecimiento superficial aumenta la vida a fatiga de una pieza
1285,"El fallo por fatiga ocurre súbitamente, sin aviso ni deformación previa"
1286,El hidrógeno puede introducirse fácilmente en una red metálica aumentando el límite elástico y produciendo fragilidad
1287,El impedir el contacto directo entre dos superficies evita el desgaste
1288,El potencial que toma un metal respecto a un electrolito depende del estado superficial del metal
1289,El potencial que toma un metal respecto a un electrolito no es característico del metal
1290,El proceso de corrosión en resquicios no depende de la geometría del sólido
1291,"El proceso de corrosión en resquicios requiere la presencia de iones agresivos, como los cloruros, para que se produzca"
1292,El proceso de corrosión es resquicio no depende de la microestructura del material
1293,"El tamaño de una grieta influye en el valor de KI, pero no su geometría"
1294,El tipo de movimiento relativo entre dos superficies no caracteriza el proceso de desgaste
1295,El valor de la temperatura de transición de los aceros al carbono es independiente del proceso de fabricación
1296,El valor del factor de intensidad de tensiones depende de la geometría del sólido
1297,El valor del factor de intensidad de tensiones depende de la tensión remota
1298,El valor del factor de intensidad de tensiones depende del tamaño de grieta
1299,"En aleaciones monofásicas, la adición de elementos aleantes aumenta la velocidad de fluencia"
1300,En condiciones de lubricación de borde según Stribeck la distancia entre las superficies en contacto es aproximadamente igual a la rugosidad de dichas superficies
1301,"En corrosión seca, el Al2O3 tiene naturaleza protectora"
1302,"En desgaste, la fatiga superficial requiere contacto directo de las superficies implicadas"
1303,En el desgaste por abrasión si la dureza del abrasivo es superior a la dureza del material se produce un alto régimen de desgaste
1304,"En el desgaste por abrasión, durezas del material superiores a 1,3 veces la dureza del abrasivo no producen una significativa mejora de la resistencia al desgaste"
1305,En el desgaste por adhesión de dos superficies en movimiento tangencial la fractura ocurre a lo largo de bandas de deslizamiento
1306,"En el desgaste triboquímico, se forman uniones interfaciales al entrar en contacto las dos superficies a escala atómica"
1307,"La temperatura de trabajo por debajo de la cual, la deformación plástica del volframio es constante es de 100º"
1308,"En el modo II de aplicación de la carga, la rotura se produce por desgarro"
1309,"En el modo II de aplicación de la carga, la rotura se produce por tracción"
1310,"En el modo III de aplicación de la carga, la rotura se produce por desgarro"
1311,"En el proceso de desgaste por cizalladura, las tensiones máximas se localizan en la superfície"
1312,"En fluencia en caliente, la recristalización dinámica se produce a alta temperatura y alta velocidad de deformación"
1313,"En fluencia en caliente, la velocidad de deformación a 0,5TE tiende a un valor constante"
1314,"En fluencia en caliente, la velocidad de deformación durante la etapa de fluencia estacionaria es directamente proporcional a la tensión aplicada"
1315,"En la apertura de grieta se tiene en cuenta el enromamiento, por la ductilidad, del fondo de grieta"
1316,"En la corrosión galvánica, una pequeña área anódica frente a una gran área catódica conducirá a una rápida corrosión de aquella"
1317,En la corrosión por cavitación las presiones bajas se producen por bajas velocidades de flujo
1318,"En la corrosión seca, si el factor de Pilling Bedworth R es mayor o igual que 1, la capa de óxido es protectora"
1319,En la corrosión selectiva un elemento de una solución sólida es preferentemente disuelto
1320,"En la curva que relaciona el logaritmo de la velocidad de crecimiento de grieta por fatiga con el logaritmo del intervalo del factor de intensidad de tensiones, en la región I la curva es prácticamente lineal"
1321,"En la curva que relaciona el logaritmo de la velocidad de crecimiento de grieta por fatiga con el logaritmo del intervalo del factor de intensidad de tensiones, en la región III se produce un crecimiento acelerado de la grieta"
1322,"En la descincificación de los latones el cobre es disuelto, quedando sobre el latón una superficie rica en Zn"
1323,En la descincificación el ataque progresa paralelamente a la superficie metálica a través de los bordes de grano
1324,En la ecuación de Paris de agrietamiento por fatiga el factor de intensidad de tensiones es una propiedad del material
1325,"En la etapa II de agrietamiento por fatiga, la propagación es perpendicular a la tensión aplicada"
1326,"En la fatiga oligocíclica, en la vida a fatiga predomina la etapa de propagación de grieta"
1327,"En la fisuración por fatiga, la velocidad de crecimiento de grieta aumenta al aumentarel tamaño de grieta"
1328,En la fluencia estacionaria la velocidad de deformación permanece constante
1329,"En un proceso de deformación por fluencia al aumentar la tensión a temperatura elevada, aumenta la fluencia estacionaria"
1330,"En la fractura frágil, la iniciación de la grieta y su propagación son procesos coincidentes"
1331,"En la fractura transgranular, la estructura de cúpulas, da lugar a una superficie de fractura donde no se aprecia el borde de grano"
1332,"En la fragilización por hidrógeno, cuando de forman hidruros frágiles, las fracturas son intergranulares"
1333,En la oxidación a alta temperatura la ley que rige la formación de las capas de óxido en función del tiempo es parabólica
1334,En la oxidación a alta temperatura las leyes que rigen la formación de las capas de óxido en función del tiempo son asintóticas y logarítmicas
1335,En la oxidación a baja temperatura el oxígeno difunde muy lenta pero muy uniformemente obteniéndose al cabo de unos años capas muy gruesas
1336,"En la rotura por fatiga, con cargas altas se produce en cada ciclo, tanto deformación elástica como plástica"
1337,"En la rotura por fatiga, con cargas bajas se produce en cada ciclo deformaciones elásticas"
1338,"En las curvas S-N de Wohler, N representa la fuerza en newton para la rotura"
1339,En las curvas S-N de Wöhler la frecuencia secundaria tiene una velocidad de deformación constante
1340,En las curvas SN de Wöler N representa el nº de ciclos hasta la rotura
1341,En las curvas SN de Wöler N representa la fuerza en Newton en la rotura
1342,En las curvas SN de Wöler S representa la distancia entre puntos
1343,En las curvas S-N el límite de fatiga es el nivel de tensión que produce la rotura después de 108 ciclos
1344,"En las curvas S-N, el límite de fatiga indica que para tensiones por debajo de este valor el metal no sufre rotura por corrosión fatiga"
1345,En los aceros inoxidables austeníticos puede producirse en la ZAT la precipitación de carburos de cromo donde el material ha alcanzado temperaturas superiores a 1000ºC
1346,En los aspectos macromorfológicos de una superficie de fractura influye la forma geométrica de la pieza
1347,En los ensayos a fatiga de un material se considera fallo cuando aparece una grieta de tamaño detectable
1348,"En los latones bifásicos la fase B, rica en Zn, puede sufrir descincificación aunque se haya añadido arsénico"
1349,En los materiales frágiles los defectos provocan una intensificación de tensiones en las zonas próximas al extremo de la discontinuidad
1350,En los materiales metálicos con una cierta ductilidad irá aumenta su fragilidad a medida que el espesor crezca
1351,"En los procesos de termofluencia cuando las tensiones aplicadas son bajas y la velocidad de deformación baja, no se observa la fluencia terciaria"
1352,En materiales con baja energía de formación de defectos de apilamiento se disminuye la resistencia a la deformación bajo fluencia
1353,"En modo II de aplicación de la carga, la rotura se produce por desgarro"
1354,En procesos de desgaste por cizalladura el agrietamiento comienza en la subsuperficie (CIZALLADURA=RODADURA PURA
1355,En superficies fracturadas las facetas son líneas concluyentes o paralelas
1356,"En superficies fracturadas, los ríos son planos limitados por los bordes de grano"
1357,En un metal puro el borde de grano es más propenso al ataque intergranular por ser una zona de energía superficial menor
1358,"En un proceso de deformación por fluencia al aumentar la temperatura a tensión constante, aumenta el tiempo de rotura"
1359,"En un proceso de deformación por fluencia, al aumentar la temperatura a tensión constante aumenta la deformación instantánea"
1360,"En un proceso de deformación por fluencia, al aumentar la temperatura a tensión constante aumenta la velocidad de la fluencia instantánea"
1361,"En un proceso de deformación por fluencia, al aumentar la tensión a temperatura elevada, aumenta la deformación instantánea"
1362,En una barra cilíndrica la parte central de la rotura perpendicular a la tensión aplicada corresponde a la parte frágil
1363,"En una barra cilíndrica rota a tracción en copa y cono, la parte de la rotura cónica, con orientación a 45º respecto a la tensión aplicada corresponde a la parte frágil"
1364,En una rotura por fatiga la velocidad de crecimiento de grieta aumenta al aumentar el tamaño de grieta
1365,En una rotura por fatiga la velocidad de crecimiento de grieta es mayor al aumentar la tensión aplicada para una misma longitud de grieta
1366,En una rotura por fatiga puede haber miles de líneas de playas en una estría
1367,En una superficie de fractura nunca puede detectarse conjuntamente diferentes caracteres micromorfológicos
1368,Entallas y radios de acuerdo agudos reducen la vida a fatiga
1369,"Griffith formuló la teoría de la fractura frágil, para explicar la discrepancia entre la resistencia teórica del acero y los valores reales observados"
1370,La agitación del medio de corrosión puede incluso llegar a eliminar la polarización de concentración
1371,La amplitud de las tensiones que producen el fallo después de 1000000 ciclos suelen estar comprendida en la mayoría de los materiales entre el 30 y 50% de la carga de rotura a tracción uniaxial
1372,La caracterización micromorfológica de una superficie de fractura se realiza con microscopio metalúrgico
1373,La condición expresada por la ecuación de Griffith es suficiente para que una grieta de un material metálico se propague
1374,La contaminación de los productos puede considerarse un caso típico de pérdidas directas ocasionadas por la corrosión
1375,La convergencia de las líneas radiales en una superficie fracturada indican en la mayoria de los casos el lugar de inicio de rotura
1376,La corrosión en resquicios se produce por una falta de oxígeno en dicha zona
1377,La corrosión por abrasión es el deterioro causado por líquidos en movimiento laminar o turbulento sobre superficies metálicas
1378,La corrosión por cavitación es un tipo de ataque muy característico de las hélices de barcos
1379,La corrosión por exfoliación es un ataque intergranular que se produce en piezas recocidas con grano equiaxial
1380,La curva de Stribeck distingue tres modos distintos de lubricación hidrodinámica
1381,La deformación plástica de un acero es constante si la temperatura de trabajo es menor de 450ºC
1382,"La deformación plástica de un metal puro se supone independiente del tiempo si la relación T/TE, es menor de 0,4"
1383,La deformación plástica del aluminio es constante si la temperatura de trabajo es mayor de 450ºC
1384,La deformación plástica del volframio es constante si la temperatura de trabajo es menor de 1200ºC
1385,La deformación plática de los materiales metálicos es constante si se mantiene la tensión invariante
1386,"La deformación plática de los materiales metálicos no es simultánea a la aplicación de la tensión, cuando esta tensión aumenta rápidamente"
1387,La deformación plástica de los materiales metálicos es siempre independiente del tiempo
1388,"La despolarización crea un impedimento al paso de la corriente eléctrica, disminuyendo la velocidad de corrosión"
1389,La despolarización retarda la disolución de las zonas anódicas
1390,La diferencia de temperaturas puede ser causante de la formación de pilas de corrosión
1391,La disminución del número de impurezas en los aceros al carbono conduce a una disminución de la temperatura de transición
1392,La etapa I de agrietamiento por fatiga es muy rápida
1393,La existencia de tensiones externas dá lugar a heterogeneidades electroquímicas
1394,La extrusión hidrostática permite mayores deformaciones que la extrusión directa
1395,La fisuración por fatiga se produce cuando actúa una tensión constante superior al límite elástico
1396,La fluencia es un proceso a deformación constante
1397,"La fluencia por difusión volumétrica empieza a tener importancia a temperaturas superiores a 0,8Te cuando existen bajos niveles de carga"
1398,La fórmula de Griffith es muy conservadora si se aplica a los metales
1399,La fórmula de Griffith no se puede aplicar a los materiales cerámicos
1400,La formulación de Griffith es aplicable a los materiales de elevada ductilidad
1401,La fractura frágil de una pieza metálica se produce mediante un mecanismo de coalescencia de microvacíos
1402,La fractura intercristalina puede producirse por coalescencia de microvacíos
1403,La fractura intercristalina puede producirse por una descohesión frágil
1404,La fractura intergranular se produce siempre por un mecanismo de coalescencia de microvacios
1405,La fractura por clivaje se produce a través de planos cristalográficos
1406,La grieta por fatiga puede originarse en varios puntos de la pieza
1407,La integral J coincide con el criterio de Irwin cuando el régimen es elástico
1408,La interacción de un fluido sobre una superficie se llama erosión
1409,La interposición de elementos elásticos entre las superfícies en contacto puede evitar el desgaste por abrasión
1410,La naturaleza del material influye en que las líneas radiales sean más o menos pronunciadas
1411,"La observacióna grandes aumentos de que existen cúpulas en la superfície de una fractura, indica que ésta tiene carácter dúctil"
1412,La pasivación consiste en la polarización anódica de tipo de concentración
1413,La pérdida de eficiencia de los equipos de una instalación industrial es un caso de las pérdidas directas que puede ocasionar la corrosión
1414,La piel naranja es un defecto superficial que aparece en piezas extruidas
1415,La polarización de activación se produce cuando la velocidad de difusión de un ión hacia el electrodo limita la velocidad de corrosión en el electrodo
1416,La polarización produce un aumento de la velocidad de corrosión
1417,La presencia de entallas favorecen una etapa I de propagación de grieta por fatiga de corta dirección
1418,La probabilidad de rotura por fatiga puede ser reducida exigiendo superficies redondeadas
1419,La protección catódica se basa en la modificación del potencial de un metal llevándolo dentro de la zona de inmunidad según el diagrama de Pourbaix
1420,La relación R de Pilling-Bedworth es el cociente entre el volumen del metal consumido y el volumen del óxido formado
1421,La rotura del recubrimiento metálico anódico acelera el avance de la corrosión del metal recubierto
1422,La rotura por fatiga se produce cuando actúa una tensión superior al límite elástico
1423,"La rotura por fatiga tiene un aspecto frágil, aún en materiales de comportamiento dúctil"
1424,La separación entre las dos superficies opuestas de una grieta se denomina apertura de grieta
1425,La separación entre las dos superficies opuestas de una grieta se denomina apertura en el fondo de grieta
1426,La superficie de fractura por clivaje está formada por facetas delimitadas por los bordes de grano
1427,La superficie rota por fatiga tiene un aspecto siempre frágil
1428,"La temperatura de trabajo por debajo de la cual, la deformación plástica del plomo es constante es de 100ºC"
1429,"La temperatura de trabajo por debajo de la cual, la deformación plástica del volframio es constante es de 100ºC"
1430,La temperatura de transición de los aceros al carbono está próxima a la temperatura ambiente
1431,La tensión media no afecta a la vida de fatiga
1432,La tensión necesaria para que se produzca corrosión bajo tensión siempre tiene que ser superior al límite elástico
1433,La teoría de Griffith en mecánica de la fractura no se puede aplicar a materiales cerámicos
1434,La textura cristalina de una superficie de rotura corresponde siempre a una rotura transgranular
1435,La textura fibrosa de una superficie de rotura es típica de materiales dúctiles en planos perpendiculares a la tensión principal
1436,La textura sedosa de una superficie de rotura a tracción aparece en planos a 45º con la tensión máxima
1437,La textura sedosa de una superficie de rotura es una superficie rugosa con la fibra perpendicular a la superficie de fractura
1438,La transpasividad produce una despasivación por destrucción completa de la capa de protectora por rotura
1439,"La variación regular del número de estriaciones, de una rotura por fatiga, por unidad de longitud permite determinar el sentido de la propagación y su velocidad"
1440,La velocidad de crecimiento de grieta sólo depende del nivel de tensiones y el tamaño de grieta
1441,La vida a fatiga es especialmente sensible a las condiciones y configuración de la superficie del componente
1442,Las aleaciones con muchos elmentos en solución sólida resisten mejor la fluencia en caliente
1443,Las aleaciones de aluminio ensayadas en condiciones ambientales presentan límite de fatiga
1444,Las aleaciones de aluminio ensayadas en el vacío presentan límite de fatiga
1445,Las cúpulas de las superficies fracturadas son siempre perpendiculares a la superficie de fractura
1446,Las cúpulas formadas en la rotura dúctil son independientes del modo de carga
1447,Las cúpulas formadas en la rotura frágil son independientes del modo de aplicación de la carga
1448,Las líneas circunferenciales aparecen en roturas de propagación rápida
1449,Las líneas circunferenciales de una superficie de fractura pueden indicar los sucesivos frentes de propagación
1450,Las líneas circunferenciales de una superficie de fractura pueden indicar un cambio de plano de propagación
1451,Las líneas circunferenciales de una superficie de fractura pueden indicar una detención de grieta
1452,Las líneas circunferenciales de una superficie de fractura pueden indicar una variación de las tensiones aplicadas
1453,Las tensiones y deformaciones verdaderas crecen monótonamente hasta la rotura
1454,Las velocidades de fluencia a temperatura elevada son mayores cuando una aleación tiene un tamaño de grano menor
1455,Los aceros al carbono ensayados en condiciones ambientales presentan límite de fatiga
1456,Los ánodos de sacrificio están fabricados con material más electropositivo que la estructura a proteger
1457,Los diagramas de Porbaix proporcionan información sobre las fases termodinámicamente estables en función del potencial del electrodo y el pH
1458,Los diagramas de Pourbaix proporcionan información sobre la velocidad de corrosión
1459,Los ensayos a fatiga producen una elevada dispersión de resultados
1460,Los ensayos con deformación plástica controlada se realizan para caracterizar la fatiga con tensión elevada
1461,Los ensayos con tensión controlada se realizan para caracterizar la fatiga de bajo número de ciclos
1462,Los ensayos de fatiga producen una elevada dispersión de resultados
1463,"Los ensayos para la obtención de las curvas S-N se empiezan con tensiones cíclicas grandes, y luego se disminuyen progresivamente"
1464,Los materiales cerámicos presentan fluencia en caliente pero de menor cuantía que los metales
1465,Los materiales cerámicos son extremadamente susceptibles a la fluencia
1466,"Los materiales metálicos con una cierta plasticidad, tienen una deformación plástica en fondo de grieta cuya forma es circular"
1467,Los materiales metálicos por encima de la temperatura de transición tienen un comportamiento frágil
1468,Los materiales no termoplásticos evitan el crecimiento de los defectos internos mediante una deformación local en los bordes de las grietas
1469,Los metales con estructura CC experimentan una disminución moderada de la tenacidad al bajar la temperatura
1470,Los metales con un módulo elástico alto resisten mejor la fluencia
1471,Los polímeros termoestables tienen un comportamiento elástico-rígido
1472,Los tratamientos de temple y revenido mejoran la resistencia a la abrasión
1473,Para minimizar el efecto de la corrosión por cavitación se emplean materiales duros con una superficie lisa
1474,Para obtener la curva S-N los ensayos realizados son siempre de flexión rotatoria
1475,"Para reducir el desgaste por abrasión la dureza del material debe ser al menos igual a 1,3 la dureza del abrasivo"
1476,Para un mismo acero KIc = KIIc
1477,Realizar un granallado en una superficie metálica significa aumentar el peligro de rotura por fatiga
1478,Realizar un recubrimiento de un material de alta dureza reduce el desgaste por abrasión
1479,"Se puede observar en las curvas potenciostáticas de electrodos pasivables sumergidos en un medio oxidante, que para el potencial de Flade se anula totalmente la velocidad de corrosión"
1480,"Según la curva S-N, el dominio asociado a cargas relativamente bajas y la vida a fatiga es superior a 104 – 105 ciclos se denomina fatiga oligocíclica"
1481,"Si dos estructuras son del mismo material y una de ellas rompe a un determinado valor del factor de intensidad de tensiones crítico, la otra también romperá cuando el correspondiente K alcance dicho valor"
1482,"Si la relación R de Pilling-Bedworth es 1, los óxidos formados tienen tendencia a resquebrajarse"
1483,"Si las tensiones son bajas y las velocidades de deformación pequeñas a las temperaturas en que se produce la fluencia, la rotura se produce en la etapa transitoria"
1484,"Si se aplica a una superficie metálica un pulido para mejorar el acabado, se consigue aumentar su vida a fatiga"
1485,Si se representa el tiempo hasta rotura frente a la tensión aplicada se produce una relación parabólica entre ellos
1486,"Si se somete un material a un trabajo en frío se aumenta su resistencia a la fluencia a una temperatura <0,5 temperatura de fusión"
1487,Si un material se encuentra sometido a un sistema de cargas asimilable a un estado triaxial de tensiones tiene un comportamiento frágil
1488,Todos los materiales metálicos por encima de la temperatura de transición tienen un comportamiento frágil
1489,Un eje sin defectos sometido a fatiga tiene un ΔKth próximo a Kc
1490,Un material compuesto de matriz polimérica fabricado con preimpregnados requiere un tratamiento de curado
1491,Un material es tanto mas resistente a la fluencia cuanto más alto es su coeficiente de difusividad
1492,Un material es tanto más resistente a la fluencia cuanto más alto es su módulo elástico
1493,Un monocristal de aleación Ni-Co-Cr aguanta mejor la termofluencia que un policristal de la misma aleación
1494,Una buena evacuación del calor generado disminuye o evita el desgaste entre dos superficies en movimiento relativo
1495,Una característica de las picaduras es que la reacción catódica está muy localizada en pequeños puntos
1496,Una chapa de acero de 10 mm de espesor con un límite elástico de 1500 MPa y un Kc de 60 MPa m1/2 está en condiciones de deformación plana
1497,"Una condición que deben cumplir los metales, para poder utilizar el factor de intensidad de tensiones, en la caracterización de una rotura, es que el tamaño de la zona plástica en fondo de grieta sea grande en comparación con la longitud de grieta"
1498,Una forma de aumentar el rendimiento a fatiga es mediante esfuerzos residuales de comprensión dentro de una capa delgada del material
1499,"Una grieta iniciada por corrosión bajo tensión, sometida a un proceso de fatiga, acelerará su velocidad de propagación estable"
1500,Una grieta por fatiga en un eje en la etapa II propagará si durante la marcha el nivel de cargas verifica que ΔK supera el valor de ΔKth
1501,Una grieta de fatiga propagará de manera inestable hasta la rotura si el nivel de cargas verifica que ΔK es igual al valor de Kc del material
1502,Una menor concentración de oxígeno favorece que se produzca la corrosión por aireación diferencial
1503,La transpasividad produce una despasivación por destrucción de la capa de óxido protectora
1504,"En envejecimiento, en desgaste, supone un aumento rápido y progresivo del desgaste"
1505,Los materiales dúctiles evitan el crecimiento de las discontinuidades mediante una deformación local en los extremos de las grietas y demás defectos
1506,Recubrir el acero con cobre se considera un recubrimiento catódico
1507,"En fatiga, durante la etapa II, el crecimiento de grieta tiene lugar mediante un proceso de enromamiento y afilamiento de la punta de la grieta"
1508,La presencia de arena en el fondo de un recipiente lleno de agua puede producir corrosión debajo de la arena por aireación diferencial
1509,La corrosión por exfoliación está provocada por un ataque intergranular en una aleación deformada en frío
1510,La precipitación de fases metaestables acelera el proceso de fluencia a alta temperatura
1511,La última etapa de desgaste se denomina rotura
1512,"En condiciones de fatiga, la aparición de intrusiones y extrusiones requiere la existencia de un medio corrosivo"
1513,"En desgaste, el impacto se considera un tipo de movimiento relativo que puede producir desgaste"
1514,En un proceso de desgaste se puede producir la transferencia de material entre las dos superficies en movimiento relativo
1515,La protección anódica utiliza ánodos de sacrificio
1516,La corrosión electroquímica de un metal le supone una ganancia de electrones
1517,Se denomina desgaste conjunto cuando se dan simultáneamente los fenómenos de deslizamiento y rodadura
1518,"Una pieza de aluminio colocada a la intemperie en un clima continental, se recubre de forma espontánea de una capa de alúmina que la protege de una posterior oxidación"
1519,"En desgaste, la capa deformada se considera incluida en la capa exterior"
1520,"Evitar zonas de acumulación de agua, por lluvia o condensación, se considera un sistema de protección por mejora del diseño estructural"
1521,"Los ensayos en niebla salina de las chapas de la carrocería de un coche, se consideran ensayos de rutina"
1522,Una olla de acero esmaltado evita la corrosión por efecto barrera
1523,La corrosión bajo tensión puede ser tanto intergranular como transgranular
1524,En el modo I de aplicación de la carga la grieta se propaga perpendicularmente a la tensión cortante
1525,El desgaste en servicio supone la acomodación de las irregularidades superficiales
1526,Una menor concentración de oxígeno favorece que se produzca la corrosión por aireación superficial
1527,Las unidades de Jc son MPa · m
1528,"En fluencia en caliente, la rotura de la pieza se produce cuando la tensión en el material alcanza el valor de su tenacidad de fractura"
1529,"Una pieza de acero inoxidable austenítico dejada a la intemperie, se mantiene inalterada sin forman ningún tipo de capa superficial"
1530,Un movimiento de oscilación puede producir desgaste en las superficies en contacto
1531,Las tensiones residuales de soldadura pueden producir corrosión bajo tensión
1532,"El electrodo de referencia de Ag-AgCl tiene potencial cero, igual que el electrodo de hidrógeno"
1533,"La sustitución de un acero al carbono por un acero inoxidable, se considera una mejora de la resistencia a la corrosión por diseño estructural"
1534,"Según la curva S-N, el dominio asociado a cargas relativamente bajas y la vida a fatiga es superior a 100000 ciclos se denomina fatiga oligocíclica"
1535,"Los ensayos de la susceptibilidad a la corrosión por exfoliación de perfiles extruídos de Al, se consideran ensayos de estimación de vida"
1536,El electrodo de calomelanos mantiene un potencial constante respecto al electrodo de hidrógeno
1537,Si en fatiga Kmin supera el valor de ΔKth se cumple la ecuación de Paris
1538,En las curvas S-N de Wöhler la fluencia secundaria tiene una velocidad de deformación constante
1539,En la fluencia transitoria la velocidad de deformación permanece constante
1540,La protección catódica de una estructura de acero se puede realizar con un ánodo de sacrificio de estaño
1541,"Los materiales metálicos con una cierta plásticidad, tienen una deformación plástica en fondo de grieta cuya forma es circular"
1542,"En fluencia por debajo de 0,4 Te, el deslizamiento de los bordes de grano es uno de los mecanismos que conduce al fallo de la pieza"
1543,"La utilización de silica gel dentro de un recipiente, supone un proceso de protección contra la corrosión por la acción de un inhibidor"
1544,El diagrama de Pourbaix del hierro y del aluminio son iguales cuando se utiliza el mismo electrolito
1545,"Dos chapas de la misma geometría, una de acero al carbono y otra de acero inoxidable austenítico, con una grieta de igual geometría, tienen el mismo Kic"
1546,"En una chapa de gran tamaño, con una grieta en el centro que atraviesa la chapa, al aplicar la ecuación del factor de intensidad de tensiones, la longitud de la grieta es 2a"
1547,Durante el rodaje el desgaste es débil y constante
1548,Las tensiones residuales de fabricación pueden producir corrosión bajo tensión
1549,La protección catódica se basa en la modificación del potencial de un metal llevándolo dentro de la zona de inmunidad según el diagrama de Pourbaix
1550,Las estriaciones de fatiga se denominan playas
1551,"Dos materiales con distinta tenacidad de fractura, con un mismo tamaño de grieta y mismas condiciones de carga, tienen la misma velocidad de crecimiento por fatiga"
1552,El aluminio puro a temperatura ambiente forma una capa superficial de alúmina asintóticamente en función del tiempo
1553,Los recubrimientos inorgánicos actúan como ánodos frente al sustrato metálico
1554,Una deformación excesiva de un componene se considera como un fallo del mismo aunque no exista rotura
1555,La suma de las fuerzas de los enlaces atómicos de un material es equivalente a la resistencia real del mismo
1556,Una rotura en bisel de una barra sometida a tracción se considera frágil
1557,Para espesores bajos la tenacidad de fractura obtenida de una probeta aumenta al disminuir el espesor
1558,El peligro de fractura por fatiga puede ser reducido de manera efectiva mediante inspecciones periódicas
1559,Los materiales policristalinos resisten mejor la fluencia en caliente que los monocristales
1560,El desgaste triboquímico se mejora utilizando materiales pasivables
1561,La velocidad de desgaste por abrasión es directamente proporcional a la dureza del materiales sometido a desgaste
1562,La interposición de elementos elásticos entre las superficies en contacto elimina el desgaste
1563,"Las películas más gruesas de los óxidos, producidas en la oxidación directa, crecen habitualmente de acuerdo a un comportamiento rectilíneo o parabólico"
1564,Una picadura se produce por la rotura local de una capa pasiva
1565,"En el modo de aplicación de la carga KII, la grieta se propaga perpendicularmente a la tensión cortante"
1566,En la superficie de faitga que se produce en la etapa II de propagación de grieta no hay marcas caraceterísticas
1567,"En el examen macroscópico de una superficie de rotura por fatiga, cada playa de fatiga corresponde a un ciclo de carga"
1568,"La velocidad de crecimiento de una grieta es una función del nivel de tensiones, del tamaño de la grieta y de las características del metal"
1569,Los procesos de desgaste por adhesión se producen por microsoldaduras
1570,Las inclusiones no son deseables porque pueden originar grietas de temple
1571,Los metales con estructura cúbica centrada en el cuerpo no presentan temperatura de transición dúctil-frágil
1572,"Si no se dan las condiciones de deformación plana, la tenacidad de fractura obtenida en una probeta aumenta al disminuir el espesor de la misma"
1573,La integración de la ecuación de Paris permite conocer el tamaño crítico de la grieta al cual se produce la rotura final de una pieza
1574,La velocidad de deformación durante la fluencia estacionaria … una ecuación Eps'=A1*sigma^n (donde A1 y n son constantes)
1575,En la solidificación de un metal los gases atrapados por el metal fundido originan cavidades de contracción
1576,La interposición de elementos elásticos entre las superficies en contacto puede eviatar el desgaste por abrasión
1577,"La fisuración en frío se produce en forma de grieta en el metal base, en la zona afectada térmicamente por la soldadura"
1578,"Unos radios de acuerdo pequeños en los cambios de diámetro de una pieza de revolución sometida a fatiga, aumenta su resistencia a la iniciación de grietas en dichos puntos"
1579,"Una chapa de acero al carbono (σ =750 MPa y K =70 MPa√m) de espesor 30 mm, si tuviera una grieta interna pasante de 4 mm de longitud (donde W»a; y se considera Y=α=1), estaría dentro de la zona de crecimiento estable"
1580,"Zonas cercanas con diferente tamaño de grano, pueden ser causas suficientes de anisotropía estructural como para producir un proceso de corrosión electroquímica"
1581,Desde un punto de vista electroquímico el Al es más electronegativo que el Fe
1582,"En desgaste por abrasión, cuando Ha ≈ Hm (régimen II) se considera que se está en un régimen de transición"
1583,La termofluencia es un proceso a deformación constante
1584,"El valor del factor de Pilling-Bedworth para el W y su óxido vale R=3,35, por lo que su carácter es no protector"
1585,En la etapa I de propagación de grieta por fatiga la velocidad de propagación es muy lenta y su dirección es perpendicular a la tensión aplicada
1586,"A temperaturas muy altas y con tensiones bajas, la termofluencia se produce por un mecanismo de difusión atómica"
1587,"La generación de picaduras requiere la desestabilización la capa pasiva, causada por un ion agresivo con un potencial electroquímico que le hace capaz de adherirse a la capa pasiva y desplazar al oxígeno del óxido existente"
1588,"El daño superficial causado por el desgaste, puede causar grietas, envejecimiento o precipitación de fases"
1589,"El electrodo de hidrógeno está formado por una lámina de platino platinado, que al reaccionar con la solución donde está inmerso produce el desprendimiento de hidrógeno"
1590,"En termofluencia, la difusión a través de los bordes de grano es el mecanismo definido por Herring-Nabarro"
1591,"La propagación muy lenta de una grieta por fatiga, según la dirección de la tensión cortante máxima, se produce en la región I del diagrama ΔK - da/dN"
1592,El efecto de una segunda fase dispersa es aumentar la velocidad de termofluencia
1593,"Zonas cercanas con diferente grado de pulido, puede ser causa suficiente de anisotropía estructural como para producir un proceso de corrosión electroquímica"
1594,"La textura leñosa corresponde a una superficie rugosa, con la fibra paralela a la superficie de fractura, debida a una fibra muy acusada en un material forjado o laminado"
1595,Una buena evacuación del calor generado entre las superficies en contacto mitiga el desgaste
1596,"Los polímeros termoplásticos deforman plásticamente por un mecanismo de deslizamiento de unas cadenas poliméricas con respecto a otras, al estar unidas dichas cadenas con fuerzas de enlace débil o enlaces de Van der Valls"
1597,"La generación de extrusiones e intrusiones en la superficie de una pieza sometida a fatiga, se produce por la formación de bandas persistentes de deslizamiento, causadas por mecanismos de deslizamiento en dicha superficie"
1598,El desgaste por adhesión entre dos superficies se potencia si uno de los materiales actúa como donante de electrones y el otro como receptor
1599,"La presencia de silicagel, elimina la humedad causante de la corrosión en entornos cerrados de pequeño volumen"
1600,A 150ºC una aleación de aluminio es susceptible de fallar por termofluencia
1601,La caracterización macromorfológica de una superficie fracturada se puede realizar a ojo desnudo
1602,"La eliminación de partículas sólidas de pequeño tamaño, que pueden depositarse en el fondo de tuberías y recipientes provocando corrosión bajo depósitos, se suelen eliminar mediante intercambiadores iónicos"
1603,Pequeñas cantidades de ciertos elementos como el azufre favorecen de forma apreciable el desgaste por adhesión
1604,"Un metal sometido a tensión constante a bajas temperaturas (0,1-0,4T ), se deforma en frío hasta que el esfuerzo de fluencia iguala a la tensión instantánea, de manera que la densidad de dislocaciones se incrementa dificultando movimientos adicionales y la ε tiende asintóticamente a un valor fijo"
1605,Las grietas de fatiga se pueden detectar fácilmente debido a la deformación que sufre la pieza antes de romper
1606,"En el diagrama de Pourbaix, por debajo de la línea del oxígeno tiene lugar la liberación de gas oxígeno"
1607,"En condiciones de fatiga oligocíclica, el número de ciclos necesarios para la iniciación y propagación de las grietas por fatiga tienden a igualarse"
1608,"Una grieta que se inicia por corrosión bajo tensión, puede provocar una rotura catastrófica por fractura mecánica"
1609,"La formación de extrusiones e intrusiones en una pieza sometida a fatiga, se produce en la etapa II de agrietamiento"
1610,"La aplicación de la integral J para determinar las condiciones de fallo de una placa de vidrio plano, se considera un cálculo conservador"
1611,"En un proceso de deformación por termofluencia al aumentar la temperatura a tensión constante, aumenta el tiempo de rotura"
1612,En el desgaste triboquímico es importante seleccionar parejas de materiales con poca tendencia a formar soluciones sólidas
1613,Las grietas por fatiga se pueden nuclear en diferentes puntos y crecer de forma independiente
1614,"En un proceso de deformación por termofluencia, al aumentar la temperatura a tensión constante aumenta la velocidad de la fluencia instantánea"
1615,"En desgaste por abrasión, las microestructuras más dúctiles como austenita o bainita, presentan mayor resistencia que las ferritico-perlíticas o martensíticas con la misma dureza"
1616,La radiación neutrónica puede provocar heterogeneidades superficiales como para producir un proceso de corrosión electroquímica
1617,La rotura por fatiga tiene un aspecto frágil en materiales frágiles y dúctil en materiales dúctiles
1618,"En termofluencia, cuando las tensiones aplicadas son bajas y la velocidad de deformación es baja, no se observa la termofluencia terciaria"
1619,El potencial que adquiere un metal con relación a la solución de una de sus sales es un valor constante característico del metal
1620,"En el rodaje de un equipo deben emplearse velocidades y cargas elevadas, para asegurar un correcto funcionamiento del equipo durante su vida en servicio en todas las condiciones de funcionamiento"
1621,"La mecánica de la fractura favorece utilizar mayores coeficientes de seguridad, al tener en cuenta la existencia de defectos que debilitan la resistencia estructural de un material"
1622,"En la serie electroquímica, el potencial del Sn es -0,14 V, lo que nos dice que es más electronegativo que el potencial normal de hidrógeno cuyo valor es 0"
1623,Desde un punto de vista electroquímico el Sn es más electronegativo que el Fe
1624,La superficie de fractura por fatiga es perpendicular a la dirección de la tensión aplicada
1625,La velocidad de difusión del oxígeno a través de una capa oxidada es un proceso térmicamente activado
1626,La fluencia en caliente o termofluencia es la deformación permanente y dependiente del tiempo de los materiales al ser sometidos a tensión constante por encima de una determinada temperatura
1627,"La agresividad de un ambiente corrosivo afecta más a la etapa de propagación de una grieta por fatiga, que a la generación de la misma"
1628,La fatiga térmica se puede inducir por tensiones térmicas fluctuantes
1629,"En un proceso de deformación por termofluencia, al aumentar la tensión a temperatura elevada, aumenta la termofluencia estacionaria"
1630,"Las joyas de bisutería que están recubiertas por una fina capa de oro, además de la apariencia estética, producen un revestimiento catódico del metal que recubren"
1631,Los álabes de las turbinas de gas fabricados con aleaciones base Ni no están sometidos a termofluencia
1632,A la fatiga se la considera un proceso mecánico de nucleación y crecimiento
1633,"Los metales enterrados no sufren corrosión, ya que el suelo no es un medio agresivo"
1634,La acción despasivante del ion cloruro se debe a que se absorbe fuertemente sobre el ánodo modificando la estructura de la película de óxido
1635,Desde un punto de vista electroquímico el Pb es más electronegativo que el Zn
1636,Durante la termofluencia los granos metálicos tienden a dividirse en subgranos o cristalitas
1637,"Para caracterizar un proceso de desgaste deben tenerse en cuenta, entre otros parámetros, el tipo de movimiento relativo y el acabado de las superficies antes de iniciarse el funcionamiento"
1638,El límite de fatiga se encuentra en la mayoría de los aceros entre el 60 y el 75% del valor de la carga de rotura
1639,"La termofluencia de un metal acompañado con recristalización dinámica, se considera un proceso debido a la modificación de la estructura de las dislocaciones"
1640,"Cuanto mayor sea el módulo de Young de un metal, menor será su susceptibilidad a sufrir fatiga térmica"
1641,La superficie de fractura de una pieza de acero se limpia introduciéndola en un baño de ácido nítrico
1642,"El tiempo de fallo de un metal sometido a termofluencia en función de la tensión, aplicada en coordenadas doblemente logarítmicas, tiene a temperatura constante una representación parabólica"
1643,Se denomina límite de fatiga al valor máximo obtenido en las curvas S-N de Wöhler
1644,"Los ensayos de termofluencia se realizan generalmente mediante un sistema de palancas, donde un peso colgante aplica una fuerza constante"
1645,"En dos barras de 20 mm de diámetro de dos aceros distintos, con rotura en copa y cono, la que tenga la zona plana de mayor diámetro será la más frágil"
1646,"Una pieza de acero al carbono colocada a la intemperie en una zona con un clima continental, se recubre con una capa de óxido ferroso que la protege de una posterior oxidación"
1647,"La reacción catódica, en un proceso de corrosión electroquímica de un acero al carbono, puede causar el desprendimiento de hidrógeno gaseoso"
1648,La presencia de lubricantes hace predecible el comportamiento tribomecánico de dos superficies en contacto
1649,"La utilización de sistemas de protección contra la corrosión, como la protección catódica, se encuadran en lo que se define como pérdidas indirectas causadas por la corrosión"
1650,En las curvas SN de Wöhler N representa el nº de ciclos hasta rotura
1651,"En termofluencia, a velocidades muy bajas de deformación, aumenta la importancia del deslizamiento entre los granos y disminuye la fluencia por deformación de dichos granos"
1652,"Si las tensiones son bajas y las velocidades de deformación pequeñas a las temperaturas en que se produce la termofluencia, la rotura se produce en la etapa transitoria"
1653,"Durante la etapa II de la propagación por fatiga, la velocidad de crecimiento de grieta es sólo función del nivel de tensiones y el tamaño de la grieta"
1654,"En muchas superficies de fractura pueden detectarse conjuntamente diferentes caracteres micromorfológicos, como roturas que comienzan con un mecanismo y terminan con otro"
1655,"La orientación de la superficie de fractura, en función de las tensiones de servicio, es una valoración que se realiza durante su caracterización macromorfológica"
1656,"La utilización de silica gel dentro de un recipiente, supone un proceso de protección contra la corrosión por la acción de un inhibidor"
1657,"En los procesos de deformación plástica, tanto el deslizamiento como la difusión están siempre presentes"
1658,"La pasivación consiste en una polarización anódica intensa de tipo óhmico por formación de una película de óxido compacta, aislante y estable frente al electrolito"
1659,"Al integrar la ecuación de Paris en un proceso de fatiga, Y representa el módulo elástico del material"
1660,"En termofluencia, para temperaturas elevadas y velocidades muy pequeñas de deformación, los subgranos formados son de pequeño tamaño"
1661,"En el diagrama de Pourbaix, por encima de la línea del hidrógeno se desprende hidrógeno"
1662,Durante la etapa I de propagación de grietas por fatiga la fisura se produce en la dirección de la tensión cortante máxima
1663,"En termofluencia, el endurecimiento por precipitación es más efectivo para impedir la deformación, cuando se produce a temperaturas más altas que las de servicio"
1664,"Al aumentar la temperatura de servicio y reducirse la tensión, aumenta el porcentaje de termofluencia por difusión"
1665,Materiales con alta resistencia a la nucleación y propagación de grietas mitigan el desgaste por fatiga superficial
1666,La presencia de entallas favorece una etapa I de propagación de grieta por fatiga
1667,"Los ensayos de la susceptibilidad a la corrosión por exfoliación de perfiles extruidos de Al, se consideran ensayos de estimación de vida"
1668,La presencia de contaminantes superficiales o lubricantes previene el desgaste por adhesión al dificultar el que se produzcan microsoldaduras entre las dos superficies en contacto
1669,El aluminio anodizado en ambiente de costa es susceptible a picaduras por la acción despasivante de los cloruros
1670,"El Cu funde a 1085 ºC, por lo que a 380 ºC no alcanza la temperatura suficiente para deformar por termofluencia"
1671,Las SAP son aleaciones sinterizadas de aluminio diseñadas para resistir mejor la termofluencia
1672,La termofluencia es un proceso cinético que ocurre a escala atómica
1673,"El potencial que toma el metal, con respecto a disolución cualquiera donde esté sumergido, tiende a un valor estacionario llamado potencial de electrodo"
1674,"La aparición de líneas circunferenciales o elípticas en una superficie de fractura, suele indicar roturas de propagación rápida por impacto"
1675,"El hidrógeno producido por reacción química en el extremo de una grieta sometida a fatiga, ejerce en las aleaciones de aluminio una aceleración de su crecimiento"
1676,La formación de una película oxidada en la superficie del electrodo se considera una polarización de resistencia
1677,"En aleaciones monofásicas, la adición de elementos aleantes aumenta la velocidad de termofluencia"
1678,"Cuando un material presenta un comportamiento elasto-plástico con rotura dúctil, el cálculo de la resistencia a la propagación de grieta se realiza mediante un modelo linealelástico"
1679,El deslizamiento de dos superficies no produce desgaste al intervenir en el proceso los planos compactos
1680,"En el proceso de oxidación de un metal con varios óxidos estables, la oxidación comienza en el que tiene un contenido menor de oxígeno"
1681,"Griffith confirmo con la teoría de la fractura frágil, la coincidencia de la resistencia teórica del vidrio y los valores observados experimentalmente"
1682,"Si se representa el tiempo hasta rotura frente a la tensión aplicada, se produce una relación parabólica entre ellos"
1683,"Durante el rodaje de un motor, debe evitarse un calentamiento excesivo y vigilar que el lubricante permanezca limpio"
1684,"La nitruración de una barra de acero al carbono genera tensiones residuales de compresión en su superficie, lo que favorece su agrietamiento por fatiga"
1685,"Un metal sometido a un proceso de fluencia en caliente, el mecanismo de deformación por maclado que experimentarán sus granos será minoritario"
1686,"Según los mapas de los mecanismos de deformación, a alta velocidad de deformación y alta temperatura predomina el maclado"
1687,"En el desgaste por adhesión, los metales que pertenecen al sistema hexagonal presentan menor tendencia a formar microsoldaduras que los que pertenecen a los sistemas cúbicos"
1688,"En los procesos de deformación plástica, termofluencia, maclado y recristalización dinámica están siempre presentes"
1689,Las líneas de propagación de la rotura que pueden aparecer en una probeta Charpy V se las considera marcas típicas sobre la superficie de fractura
1690,Las medidas de potenciales en el laboratorio se suelen realizar a través de un puente salino constituido por una solución saturada de KCl
1691,La termofluencia supone la deformación lenta de un metal sometido a carga constante sin que llegue a producirse la fractura
1692,"La fractura de una pieza se suele producir, cuando la carga soportada alcanza la fuerza de los enlaces atómicos del material de dicha pieza"
1693,El anodizado y pavonado se consideran recubrimientos metálicos
1694,"Las curvas de Intensidad-Potencial utilizando el método intensocinético, se trazan al hacer variar el potencial que circula entre los dos electrodos, registrándose las variaciones del potencial que sufre el metal analizado"
1695,"La rotura de un componente es siempre el resultado de un proceso de iniciación, seguido de una propagación hasta producirse la fractura"
1696,La polarización de activación es la energía de activación necesaria para que la reacción en el electrodo se realice a una determinada velocidad
1697,"En condiciones de corrosión-fatiga, el efecto del ambiente es más acusado en la etapa de nucleación de las grietas que en su propagación"
1698,"En un proceso de deformación por termofluencia, al aumentar la temperatura a tensión constante aumenta la deformación instantánea"
1699,El desgaste triboquímico no se produce cuando el movimiento relativo es el impacto
1700,"Las curvas de Intensidad-Potencial se obtienen mediante un potenciostato, con el que se hace variar linealmente la tensión en función del tiempo"
1701,La corrosión en resquicios tiene lugar al producirse el agotamiento del oxígeno en el líquido situado en el resquicio
1702,"La termofluencia por difusión volumétrica empieza a tener importancia a temperaturas superiores a 0,8Te cuando existen bajos niveles de carga"
1703,Una de las características especiales de la corrosión por picaduras es que la reacción catódica está localizada en pequeños puntos
1704,"La disolución de un metal en un ácido mineral, es un proceso acelerado de corrosión electroquímica"
1705,"En fluencia en caliente, la deformación por maclado acelera el proceso de fluencia y y por tanto la rotura"
1706,Las estrías de fatiga se pueden observar con un microscopio electrónico (SEM o TEM)
1707,"Los metales líquidos en contacto con el acero, dificultan el movimiento de las dislocaciones en el fondo de la grieta fragilizándolo"
1708,"En la descinficación de los latones el cobre es disuelto, quedando sobre el latón una superficie rica en Zn"
1709,"La mayor tenacidad a baja temperatura de los aceros ferríticos hace que se prefiera su utilización, frente a los inoxidables austeníticos, para fabricar contenedores de nitrógeno líquido"
1710,La descincificación de los latones es más intensa en presencia de iones cloruro y a bajas temperaturas
1711,"En condiciones de deslizamiento seco, la velocidad de desgaste es función del área aparente de contacto"
1712,Un material es tanto mas resistente a la termofluencia cuanto más alto es su coeficiente de difusividad
1713,En los aceros inoxidables austeníticos la termofluencia se pone de manifiesto a partir de 1000ºC
1714,En las curvas SN de Wöhler S representa la distancia entre puntos
1715,"En un proceso de deformación por termofluencia, al aumentar la tensión a temperatura elevada, aumenta la deformación instantánea"
1716,"En condiciones de fatiga, se denomina ciclo de carga repetida, cuando las tensiones sinusoidales en función del tiempo presentan máximos y mínimos simétricos con respecto al nivel cero de carga"
1717,"Tribología es a la ciencia que estudia las condiciones de fricción, lubricación y desgaste de los materiales con movimiento relativo entre ellos"
1718,El electrodo de calomelanos esta formado por mercurio cubierto por una capa insoluble de sulfuro de calomelanos
1719,Para un mismo acero Kc puede disminuir cuando el espesor de la muestra ensayada es inferior a un determinado valor
1720,La ecuación de Ramberg-Osgood describe la deformación total del material elastoplástico como la suma de las deformaciones elástica y plástica del material
1721,"Los mapas de los mecanismos de deformación permiten identificar los mecanismos de deformación que están actuando, en un metal durante un proceso de deformación plástica, en función de la velocidad de deformación y la temperatura"
1722,Las velocidades de termofluencia a temperatura elevada son mayores cuando una aleación tiene un tamaño de grano menor
1723,"La sustitución del metal atacado por otro más resistente a la corrosión, suele ser una solución utilizada en los casos de piezas que sufren un proceso de corrosión uniforme"
1724,"En el desgaste por adhesión, la orientación cristalina de las superficies en contacto no influye en su tendencia a formar microsoldaduras"
1725,Durante la termofluencia se producen un mayor número de subgranos en el centro de los granos que en el borde
1726,En la oxidación a baja temperatura el oxígeno difunde muy lenta pero uniformemente obteniéndose al cabo de unos años capas muy gruesas
1727,"La presencia de chaveteros y radios de acuerdo agudos, favorece la aparición de grietas por fatiga"
1728,En la termofluencia estacionaria la velocidad de deformación permanece constante
1729,"La fluencia de un metal, cuando mayoritariamente se produce por maclado, se considera un proceso debido a la modificación de la estructura de las dislocaciones"
1730,"En condiciones de lubricación de borde, según Stribeck, las superficies están separadas por una película cuyo espesor es mayor que las rugosidades superficiales"
1731,Los recubrimientos de Sn y Pb sobre acero al carbono son anódicos
1732,Durante el rodaje las cargas aplicadas deben ser crecientes y progresivas
1733,En una pila electrolítica la reacción de reducción supone una pérdida de electrones
1734,Según el diagrama de Ellingham el Cr es más noble que el Zn
1735,"En aleaciones de Al sometidas a fatiga, la generación de hidrógeno por reducción catódica, favorece la rotura al acumularse en imperfecciones de la red metálica formando microvacíos"
1736,En las curvas SN de Wöhler N representa la fuerza en Newton en la rotura
1737,La formulación de Griith es aplicable a los materiales de elevada ductilidad
1738,El maclado es un proceso de deformación plástica que se produce tanto a alta como a baja temperatura
1739,En la termofluencia transitoria la velocidad de deformación permanece constante
1740,Los metales refractarios Nb y Ta se oxidan a alta temperatura mediante una ley de crecimiento logarítmico
1741,La pasivación consiste en una polarización anódica de tipo de concentración
1742,Los materiales cerámicos son extremadamente susceptibles a la termofluencia
1743,"La corrosión de las caras de contacto de dos superficies en movimiento relativo, se considera un fenómeno de desgaste en servicio"
1744,"En el interior de las cúpulas de una superficie rota pueden aparecer precipitados, causantes de la formación de los microvacíos"
1745,"Las tensiones residuales de compresión generadas por el granallado, alcanzan profundidades entre dos y cuatro veces el diámetro de las partículas"
1746,"En un ensayo a termofluencia, la deformación instantánea es independiente de la temperatura del ensayo"
1747,"En general, la despolarización de una pieza conduce a una menor velocidad de corrosión"
1748,"Griith formuló la teoría de la fractura frágil, para explicar la discrepancia entre la resistencia teórica del acero y los valores reales observados"
1749,"Las formulas empíricas utilizadas en la evaluación de la termofluencia, tienen la ventaja de estar basadas generalmente en ensayos de larga duración"
1750,"La aparición de grietas y su propagación por fatiga por frotamiento, se inician por movimientos de oscilación de pequeña amplitud entre dos superficies en contacto"
1751,El proceso de enromamiento y afilamiento de la punta de una grieta que crece por fatiga genera una estría en cada ciclo
1752,"En el trazado de las curvas de Intensidad-Potencial, se utiliza preferentemente método intensocinético cuando se espera que, ante una variación importante del potencial, corresponda una pequeña variación de la intensidad"
1753,La propiedad fundamental de un electrodo de referencia es que el potencial de equilibrio de la reacción redox permanezca constante
1754,"En un acero corten, se ha medido una capa oxidada de 1,2 μm después de 100 días a la intemperie Sabiendo que el crecimiento es de tipo logarítmico, la capa oxidada después de 2 años será de 5,4 μm"
1755,A temperatura ambiente el acero no presenta termofluencia
1756,"A baja temperatura en un ensayo a velocidad de deformación constante, una muestra de acero sufre una pequeña deformación inicial para luego mantener esa deformación constante sin llegar a la rotura"
1757,Un acero templado y revenido σ =800 MPa y K =45 MPa√m de espesor 12 mm está en condiciones de deformación plana
1758,"En el endurecimiento por deformación que se produce en un proceso de desgaste, la capa deformada se localiza en las capas superficiales exteriores"
1759,"Una superficie de rotura en hélice, de una barra redonda sometida a torsión, es una rotura dúctil"
1760,"Un recipiente a presión de acero al carbono, con una grieta interna pasante de 22 mm, si sometido a un comportamiento lineal elástico tiene un valor de K =40 MPa√m, el valor de J =8 MPa·m"
1761,"La exfoliación se inicia como una picadura, que luego se desarrolla de forma intergranular, paralelamente a la superficie, en metales con una microestructura marcadamente direccional"
1762,"En condiciones de deslizamiento seco, la velocidad de desgaste es proporcional a la fuerza F que mantiene unidas las superficies en contacto"
1763,"Zonas cercanas, donde una de ella ha sufrido una intensa deformación en frío, puede ser causa suficiente de anisotropía estructural como para producir un proceso de corrosión electroquímica"
1764,Las curvas de Wöhler de las aleaciones de Mg presentan límite de fatiga
1765,"La rotura por fatiga es la primera causa de fallo en los metales, produciéndose también en plásticos y cerámicos"
1766,En las curvas S-N de Wöhler la termofluencia secundaria tiene una velocidad de deformación constante
1767,Un material es tanto más resistente a la termofluencia cuanto más alto es su módulo elástico
1768,"La mecánica de la fractura estudia la estabilidad estructural de componentes en los que existen grietas o defectos, analizando las condiciones tensionales y la concentración de esfuerzos que pueden generar"
1769,"En condiciones de fractura lineal elástica, si aplicamos la ecuación de Ramberg-Osgood, podemos decir que el valor de la integral J es proporcional a K"
1770,"En una rotura por fatiga, se producirá la rotura cuando Kmáx alcance el valor de KIc"
1771,"Cuando la relación R de Pilling-Bedworth es menor que 1, capas porosas y no protectoras"
1772,"En una chapa 2x2 m de acero al carbono con una grieta interna pasante de 12 mm de longitud se puede aproximar que Y=α=1, ya que a»W"
1773,"La rotura de una barra redonda de acero sometida a fatiga tensión-compresión en dirección axial, presentará una superficie de rotura con un ángulo de 45º respecto a las tensiones soportadas"
1774,"La termofluencia de un metal, cuando mayoritariamente se produce por difusión en los bordes de grano, se considera un proceso debido a la modificación de la estructura de las dislocaciones"
1775,"Una adecuada agitación del electrolito, puede llegar a eliminar la polarización por resistencia de un electrodo"
1776,"El esmaltado y el vidriado sobre un acero al carbono, provocan la pasivación de la superficie"
1777,"Se denomina erosión cuando entran en contacto gases y líquidos con sólidos, y desgaste cuando el contacto es entre dos sólidos"
1778,"Durante el ensayo de termofluencia de un metal, el volumen de la probeta se mantiene constante"
1779,"Una grieta en la etapa II de propagación por fatiga, cuando la carga es cero, la punta de la grieta tiene la forma de una doble entalla afilada"
1780,Un acero al carbono σr =600 MPa y Klc =65 MPa√m de espesor 25 mm está en condiciones de deformación plana
1781,"Una grieta presente en el fuste de un aerogenerador puede haber sido causada por fatiga debida a la acción continuada del viento, en especial durante la época invernal"
1782,Si se somete un material a un trabajo en frío se aumenta su resistencia a la termofluencia a una temperatura
1783,"En los materiales metálicos la forma de la zona plástica en el fondo de la grieta, si se aplica el criterio de Tresca, es circular"
1784,"En un acero al carbono, se ha medido una capa oxidada de 28 μm después de 2 horas en un horno de tratamiento térmico a 650ºC Sabiendo que el crecimiento de la capa es de tipo parabólico, la capa oxidada después de 9 horas será de 59,4 μm"
1785,En materiales con baja energía de formación de defectos de apilamiento se disminuye la resistencia a la deformación bajo termofluencia
1786,"La oxidación a baja temperatura del Al, forma en 30 días capas protectoras muy delgadas entre 40 y 60 Å"
1787,Para algunos materiales existe un campo intermedio de temperaturas en que la oxidación se sitúa entre las formas logarítmica y parabólica
1788,El desgaste por fatiga superficial no se produce cuando el movimiento relativo es el deslizamiento
1789,"La plastificación del fondo de una grieta de un metal sometido a tensión plana, será mayor que si hubiera estado sometido a condiciones de deformación plana, suponiendo que las tensiones remotas son iguales"
1790,Las fracturas causadas por fragilización por hidrógeno pueden ser intergranulares o transgranulares
1791,"El granallado, que genera una tensión residual de compresión en la superficie de la pieza, favorece la nucleación de grietas por fatiga"
1792,La fluencia a alta temperatura por difusión no se considera un proceso de deformación plástica
1793,"El desgaste se pone de manifiesto en tres etapas: rodaje, desprendimiento de material y agrietamiento"
1794,La aireación diferencial es una heterogeneidad impuesta por el medio que puede provocar corrosión electroquímica
1795,"El potencial que toma el metal, con respecto a disolución cualquiera donde esté sumergido, tiende a un valor constante característico del metal"
1796,"Los mayores progresos realizados para la mejora de las propiedades de los materiales, se han conseguido por la mejora de los procesos de fabricación y la reducción de impurezas y defectos en los materiales"
1797,Según el diagrama de Ellingham el Ni es más noble que el Cu
1798,"Si la distancia medida entre dos estrías de fatiga es de 0,3 μm, podemos afirmar que la velocidad de agrietamiento ha sido de 3·10 m/s"
1799,"La descarburación de la superficie de un muelle de acero templado y revenido durante el TT, favorece la aparición de grietas por fatiga"
1800,"Para caracterizar un proceso de desgaste deben tenerse en cuenta, entre otros parámetros, el coeficiente de fricción y la apariencia de las superficies desgastadas"
1801,"La necesidad de sobredimensionar el espesor de un equipo, para compensar un deterioro producido por corrosión uniforme, se valora como pérdida directa"
1802,La utilización de pinturas para proteger los aceros de la corrosión se valora como pérdidas indirectas
1803,"La eliminación de las sales disueltas en un circuito cerrado de agua, se suele hacer por neutralización"
1804,"En una estructura agrietada, si reducimos el valor de la tensión remota, reducimos el valor de la tenacidad de fractura y por tanto el riesgo de fallo catastrófico"
1805,Las corrientes vagabundas son una heterogeneidad mecánica generada en el metal que puede provocar corrosión electroquímica
1806,"En la ecuación para determinar el factor de intensidad de tensiones en modo I, el valor de α del acero al carbono es inferior al del acero inoxidable austenítico"
1807,"La ganancia de material sobre una superficie, en condiciones de desgaste, se considera como un daño superficial"
1808,"Las piezas sometidas a vibración o a esfuerzos cíclicos, al cabo de un cierto tiempo, pueden romperse de manera brusca y casi sin deformación plástica por efecto de la fatiga"
1809,Los recubrimientos de Zn y Cd sobre acero al carbono son anódicos
1810,La ausencia de playas o estrías en una superficie fracturada nos indica que la rotura no se ha producido por fatiga
1811,"En la etapa del desgaste denominada envejecimiento, se produce un aumento progresivo y rápido del desgaste"
1812,Los polímeros elastómeros deforman plásticamente debido a la elevada elasticidad que presenta su estructura entrecruzada de enlaces fuertes
1813,"La curva Intensidad-Potencial de un metal pasivable, nos muestra que en la zona de pasivación la intensidad de corriente que circula es cero"
1814,"Las variaciones térmicas transitorias sobre una grieta ya formada, no modifican la forma de propagación de dicha grieta"
1815,"La presencia de tensiones residuales en una soldadura de un acero al carbono recocido, pueden generar un proceso de corrosión por exfoliación"
1816,"Cuanto mayor sea el coeficiente de dilatación lineal de un metal, mayor será su susceptibilidad a sufrir fatiga térmica"
1817,"La agresividad de un ambiente corrosivo puede producir la despasivación de la superficie oxidada de un metal sometido a fatiga, lo que favorecería la nucleación de las grietas en dichos puntos"
1818,"El crecimiento de la capa de óxido es de naturaleza paralineal, cuando se produce la rotura de las sucesivas capas de crecimiento parabólico al alcanzar estas un determinado espesor"
1819,Los aceros martensíticos presentan elevada resiliencia a temperaturas entre 50 y 100ºC
1820,La polarización de concentración se produce cuando la velocidad de difusión de un ion hacia el electrodo limita la velocidad de reacción en el electrodo
1821,Se considera que una pieza ha fallado cuando ha sufrido una deformación excesiva o la fractura (agrietamiento o rotura)
1822,"La fatiga térmica requiere la acción de tensiones únicamente mecánicas, que provocan la rotura de las piezas debilitadas por la acción de la elevada temperatura"
1823,"En un proceso de agrietamiento por fatiga de un acero templado y revenido, el tamaño crítico de grieta para que se produzca la rotura es constante"
1824,La adición de hidracina a un circuito cerrado de agua evita la corrosión eliminando el oxígeno del agua
1825,"Cuando el potencial de corrosión de un electrodo se modifica por una acción exterior, se dice que el electrodo está polarizado"
1826,En los materiales cerámicos la forma de la zona plástica en el fondo de la grieta es circular
1827,"Se consideran defectos en una pieza desde una vacante, hasta inclusiones, rechupes o fisuras"
1828,"Si en condiciones de fatiga σ es de compresión, entonces K y σ se consideran nulos, y ΔK = K"
1829,El desgaste por adhesión no se produce cuando el movimiento relativo es el de rodadura
1830,Una pieza de acero al carbono a la intemperie forma en la superficie una capa de óxido férrico de naturaleza no protectora
1831,"La ductilidad es una propiedad característica de los materiales cerámicos, debida a su capacidad de deslizamiento de unos planos cristalográficos sobre otros"
1832,"La presencia de agentes biológicos, como algas adheridas al casco de un barco de acero al carbono, pueden causar una heterogeneidad del medio que provoque un proceso de corrosión electroquímica"
1833,"En el desgaste triboquímico, las capas superficiales oxidadas tienden a fracturarse y desprenderse de la superficie al alcanzar un cierto espesor crítico"
1834,"El tamaño de la zona plástica en el fondo de grieta según el criterio de Tresca, es menor que el determinado según von Mises"
1835,"Un recipiente a presión de acero templado y revenido, con una grieta interna pasante de 18 mm, está sometido a una tensión remota de 250 MPa, lo que hace que la grieta tenga una intensidad de tensiones K =42 MPa√m (suponer Y=α=1)"
1836,"Durante la etapa II de crecimiento de grieta por fatiga en una barra de duraluminio, la presencia de humedad acelera la velocidad de crecimiento"
1837,Apilamiento de dislocaciones contra un borde de grano es uno de los mecanismos de iniciación de grietas en desgaste por fatiga superficial
1838,"En condiciones de desgaste, la existencia de una capa dúctil debajo de la capa dura exterior, favorece el agrietamiento"
1839,"En fatiga, la longitud crítica de grieta se puede determinar a partir de la tenacidad de fractura del material"
1840,"En condiciones de fatiga, se denominan cargas aleatorias cuando las tensiones varía al azar en amplitud y frecuencia"
1841,"La presencia de un medio corrosivo de baja agresividad, como el aire húmedo para las aleaciones de aluminio no es capaz de acelerar el proceso de rotura por fatiga"
1842,"En un componente sometido a un espectro de cargas de fatiga complejo, el efecto del retardo en el crecimiento producido por las sobrecargas, permite identificar la secuencia de cargas que ha actuado durante la propagación estable de la grieta"
1843,"Dos chapas de la misma geometría, una de acero al carbono y otra de acero inoxidable austenítico, con una grieta de igual geometría, tienen el mismo KIc"
1844,"Si un acero de un recipiente a presión, tiene un comportamiento elástico lineal y tras un tratamiento térmico pasa a un comportamiento elastoplástico, podemos decir que el tamaño de la zona plástica en el fondo de una posible grieta es mayor"
1845,La rotura de un componente tiene siempre un único punto de iniciación y luego la propagación puede ser lenta o rápida
1846,"Se denominamos textura de la superficie de una fractura, al aspecto general de la superficie fracturada"
1847,La fractura frágil de una pieza metálica se produce mediante un mecanismo de coalescencia de microvacios
1848,"En desgaste por abrasión, los metales FCC se desgastan menos que los HC por su mayor tasa de endurecimiento por deformación"
1849,La fractura por clivaje es transgranular
1850,"El apilamiento de dislocaciones en una banda de deslizamiento contra un borde de grano, se considera uno de los mecanismos principales del desgaste por abrasión"
1851,"En el desgaste por abrasión, la dureza de la superficie del material y su relación con la dureza del abrasivo es importante para evaluar y minimizar los posibles daños"
1852,El coeficiente de fatiga R=σmax/σmin
1853,"A temperaturas por encima de 0,5 TE (K), el proceso de deslizamiento y ascenso de las dislocaciones está térmicamente activado"
1854,La fricción viene a menudo acompañada por la erosión cuando entran en contacto dos sólidos
1855,"Cuando el crecimiento de una grieta se produce átomo a átomo, cuando la tensión supera la fuerza de enlace de los átomos adyacentes, y este proceso dura horas, días o meses se dice que es un crecimiento estable"
1856,"En el caso del acero, el orden de aparición de sus distintos óxidos a la intemperie es: Fe2O3 , Fe3O4 y FeO"
1857,"Un metal trabajando a muy alta temperatura (0,9 TE), sometido a una tensión constante, sufrirá una velocidad de deformación que oscilará hacia un valor estacionario por un proceso de recristalización dinámica"
1858,"Durante la etapa II de la propagación por fatiga, el crecimiento de las grietas puede evaluarse utilizando el factor de intensidad de tensiones, desde una velocidad apenas detectable, hasta la rotura si las condiciones de carga y tamaño de la grieta alcanzan el valor de KLC"
1859,"Una chapa de acero al carbono (σe =650 MPa) de espesor 25 mm y una grieta que aflora a la superficie de 10 mm de profundidad, está sometida a un sistema de cargas que da como resultado un valor de Kl =42 MPa√m), por lo que el cálculo de su CTOD tendrá un valor de 17 μm"
1860,"La presencia de cenizas ricas en V2O5 provenientes de la combustión del fuel-oíl, favorece la pasivación a alta temperatura de los aceros inoxidables austeníticos"
1861,Un acero al carbono σr =750 MPa y Klc =70 MPa√m de espesor 20 mm está en condiciones de deformación plana
1862,"Los materiales metálicos aislados del exterior, que van a sufrir cambios de temperatura durante su transporte y almacenamiento, pueden protegerse de un proceso de oxidación directa causado por una elevada sequedad en presencia de oxígeno, incluyendo pequeñas cantidades de material absorbente de la humedad del aire"
1863,"A una velocidad macroscópica de termofluencia de 10^-7 mm/h, corresponde una media de un desplazamiento atómico en cada grano, de una dislocación por hora"
1864,La amplitud de la tensión σa=(σmax-σmin)/2
1865,"Un recipiente a presión de acero al carbono, con una grieta interna pasante de 10 mm, está sometido a una tensión remota de 320 MPa, lo que hace que la grieta tenga una intensidad de tensiones Kl =36 MPa√m (suponer Y=α=1)"
1866,"En un proceso de fatiga, si ΔK < ΔKth , una disminución del tamaño de grieta conduce a una disminución de la velocidad de agrietamiento"
1867,"Un metal sometido a muy alta temperatura (0,9 TE ), bajo una tensión constante, sufrirá una deformación que tenderá a crecer linealmente, con oscilaciones debidas a un proceso de recristalización dinámica"
1868,"En condiciones de fatiga, si σmin es de compresión, en la ecuación de Paris, Kmin y σmin se consideran nulos, por lo que ΔK = Kmax y Δσ= σmax"
1869,"A temperaturas por encima de 0,4 TE (K), la termofluencia es un factor limitativo en el diseño de los equipos"
1870,La fractura frágil se produce en los metales BCC a través de planos cristalográficos {111}
1871,"Evitar hundimientos de las capas inferiores por la presión, reduce el desgaste por fatiga superficial"
1872,La resistencia que oponen unos materiales a moverse en contacto con otros se denomina fricción
1873,En el desgaste por frotamiento (fretting) ocurre cuando dos sólidos en contacto tienen un movimiento relativo de elevada amplitud (superior a 10 mm)
1874,"Un recipiente a presión de acero al carbono, con una grieta interna pasante de 32 mm, si sometido a un comportamiento lineal elástico tiene un valor de KI=60 MPa√m, el valor de JC=0,018 Mpa·m"
1875,"En una chapa metálica, con ductilidad parcial, a medida que el espesor crezca irá aumentando su fragilidad"
1876,"En desgaste por abrasión, si una superficie tiene una dureza Hm = 1,4 Ha y se endurece hasta 1,6 Ha, se habrá mejorado significativamente su resistencia frente al desgaste"
1877,"Un metal sometido a tensión constante a bajas temperaturas (0,1-0,4Te), se deforma en frío hasta que el esfuerzo de fluencia iguala a la tensión instantánea, de manera que la densidad de dislocaciones se incrementa dificultando movimientos adicionales y la epsilon tiende asintóticamente a un valor fijo"
1878,La fractura por clivaje es transgranular
1879,"Un metal trabajando a muy alta temperatra (0,9 Te), sometido a una tensión constante, sufrirá una velocidad de deformación que oscilará hacia un valor estacionario por un proceso de recristalización dinámica"
1880,"Los aceros duros, de temple y revenido, no sufren el fenómeno del desgaste"
1881,"Si se somete un material a un trabajo en frío se aumenta su resistencia a la termofluencia a una temperatura <0,5 la temperatura absoluta de fusión"
1882,"A temperaturas por encima de 0,4 Te(K), la termofluencia es un factor limitativo en el diseño de los equipos"
1883,El impacto se considera un tipo de movimiento relativo capaz de generar desgaste en un material
1884,"En un acero al carbono, se ha metido una capa oxidada de 28um despues de 2 horas en un horno de tratamiento térmico a 650ºC. Sabiendo que el crecimiento de la capa es de tipo parabólico, la capa oxidada después de 9 horas será de 59,4 um"
1885,La fractura frágil se produce en los metales BBC a través de planos cristalográficos {111}
1886,"El desgaste se define como un proceso de pérdida o eliminación de material, y viene precedida de un daño de la superficie original de la pieza"
1887,"Si en condiciones de fatiga σmín es de compresión, entonces Kmín y σmín se consideran nulos, y ΔK = Kmáx"
1888,"Una chapa de acero al carbono (σE =650 MPa) de espesor 25 mm y una grieta que aflora a la superficie de 10 mm de profundidad, está sometida a un sistema de cargas que da como resultado un valor de KI=42 MPa√m), por lo que el cálculo de su CTOD tendrá un valor de 17 μm."
1889,"En condiciones de corrosión-fatiga, el efecto del ambiente es más acusado en la etapa de propagación de las grietas que en su nucleación"
1890,A veces las piezas que se ensayan con líquidos penetrantes se calientan a temperaturas inferiores a 50 ºC para acelerar el proceso de penetración
1891,A veces las piezas que se ensayan con líquidos penetrantes se calientan a temperaturas inferiores a 50ºC para acelerar el proceso de revelado
1892,"Al introducir en el interior de una bobina, por donde circula corriente eléctrica, un material ferromagnético se inducirá en ella, un campo magnético longitudinal"
1893,Cada método de END tiene una sensibilidad limitada
1894,"Cuando en un ensayo no destructivo de utiliza la técnica de contacto, si no se dispone de acoplantes, se puede realizar el ensayo limpiando cuidadosamente la pieza"
1895,"Cuando la corriente eléctrica pasa a través de un conductor, estamos aplicando a la pieza una magnetización circular"
1896,"Cuando la frecuencia aumenta en un ensayo ultrasónico, el ángulo de divergencia del haz de un cristal de diámetro dado no cambia"
1897,"Cuando se aplican partículas magnéticas alargadas por vía seca, no fluyen con regularidad por el orificio de salida del aparato que se utiliza para su proyección"
1898,Cuando se aumenta la tensión de excitación en un tubo de rayos X aparecerán radiaciones con menor longitud de onda
1899,"Cuando se coloca entre los polos de un imán permanente un material ferromagnético, se consigue una magnetización circular de la pieza"
1900,"Cuando se magnetiza la pieza con corriente alterna, las partículas magnéticas vibran, lo que facilita su movilidad"
1901,"Cuando se usa el método continuo de partículas húmedas, la suspensión líquida se debe aplicar después de aplicar la magnetización"
1902,"Cuando un material, al que se ha sometido a un ensayo de partículas magnéticas, va a ser sometido a un tratamiento por encima de la temperatura de Curie, no es necesario desmagnetizarlo"
1903,"Cuanto mayor sea el número atómico del material que forma el anticátodo, mayor será el rendimiento de la generación de Rayos X"
1904,Cuanto mayor sea la viscosidad de un líquido penetrante mayor será el tiempo necesario para entrar en las discontinuidades
1905,Cuanto mayor sea la viscosidad de un líquido penetrante mayor será el tiempo necesario para la eliminación del exceso de líquido
1906,Durante la solidificación de una aleación los fenómenos de difusión son más rápidos que la solidificación diferencial y por ello se produce la estructura dendrítica
1907,El % de radiación X que es absorbida por el material es directamente proporcional a la energía de radiación
1908,El acero quemado puede reutilizarse mediante un tratamiento térmico de regeneración
1909,El análisis macroscópico permite determinar los constituyentes estructurales de las aleaciones
1910,El análisis macroscópico permite determinar segregaciones de las aleaciones
1911,El anticátodo de un tubo de Rayos X es la fuente de los electrones
1912,El boroscopio es un equipo auxiliar que se utiliza para medir grietas subsuperficiales
1913,El campo ultrasónico próximo tiene forma de tronco de cono
1914,El cátodo de un tubo de rayos X está constituido por un filamento de volframio
1915,El creep es un fenómeno de fluencia continua de los metales a alta temperatura bajo tensión creciente
1916,El cristal piezoeléctrico mas utilizado en los ensayos por ultrasonidos es el titanato de bario
1917,El efecto borde puede servir para medir el espesor de recubrimientos no conductores en los ensayos por corrientes inducidas
1918,El efecto fotoeléctrico en radiología consiste en la transformación del fotón en un electrón y un positrón
1919,El efecto piel es la distorsión que sufren las corrientes inducidas para al acercarse la bobina al extremo de la pieza
1920,El efecto piezoeléctrico se usa para generar ultrasonidos
1921,El efecto piezoeléctrico se utiliza para generar ultrasonidos
1922,El eliminador de exceso de líquido penetrante está determinado por el tipo de penetrante utilizado
1923,El ennegrecimiento de una imagen radiológica es función de la cantidad de radiación absorbida por la emulsión
1924,El ennegrecimiento producido en una película radiográfica es función de la cantidad de plata precipitada por unidad de superficie
1925,El ensayo Charpy sirve para determinar la resistencia a la rotura estática de un material frágil
1926,El ensayo de abocardado consiste en estampar un punzón sobre una chapa
1927,El ensayo de aplastamiento nos permite determinar hasta que punto puede ser comprimido un tubo sin que aparezcan fisuras
1928,El ensayo de flexión y plegado se puede realizar aumentando la carga de forma lenta y uniformemente
1929,"El ensayo de partículas magéticas puede detectar discontinuidades superficiales, que se encuentren en un plano perpendicular a las líneas de fuerza, en materiales como el cobalto"
1930,"El ensayo de partículas magéticas puede detectar discontinuidades superficiales, que se encuentren un plano perpendicular a las líneas de fuerza, en materiales como el aluminio"
1931,"El ensayo de partículas magéticas puede detectar discontinuidades superficiales, que se encuentren un plano perpendicular a las líneas de fuerza, en materiales como el cobre"
1932,El ensayo de partículas magnéticas puede detectar discontinuidades superficiales y subsuperficiales en materiales como el níquel
1933,"El ensayo de partículas magnéticas se aplica a materiales como el Fe, Ni y Co y todas sus aleaciones"
1934,El ensayo de recalcado consiste en estampar una bola sobre una chapa sujeta por los extremos
1935,El espectro de radiación gamma de un isotopo radiactivo es un espectro continuo
1936,El espectro de radiación gamma es un espectro continuo
1937,El estudio de un fallo en servicio de un sistema es la fase previa al estudio del fallo del elemento que ha ocasionado el del sistema
1938,El exceso de penetrante cuando este sea lavable con agua se elimina con trapos o papeles absorbentes impregnados en agua
1939,El factor de intensificación de una pantalla metálica es el cociente entre la exposición con pantalla reforzadora y la exposición sin pantalla reforzadora
1940,El factor de intensificación de una pantalla metálica es mayor que el de las fluorescentes
1941,El factor que determina la cantidad de reflexión en la intercara de dos materiales distintos depende de la impedancia acústica
1942,El factor que determina la cantidad de reflexión en la intercara de dos materiales distintos es la impedancia acústica
1943,El flujo de corrientes inducidas depende del campo electromagnético establecido en el interior de la pieza
1944,El líquido penetrante debe ser aplicado a una temperatura comprendida entre 16-52 ºC
1945,El mejor tipo de penetrante para localizar discontinuidades anchas y poco profundas es el penetrante visible lavable con agua
1946,El método de magnetización por puntas o punzones de contacto está indicado especialmente para piezas muy grandes
1947,El método de transparencia de ensayo por ultrasonidos se basa en la señal reflejada
1948,El método residual de aplicación de partículas magnéticas es el único método que se puede aplicar a aquellas piezas que tengan retentividad baja
1949,El objetivo de un ensayo de flexión y plegado es comprobar la flexibilidad del material a alta temperatura
1950,El palpador SE tiene un cristal piezoeléctrico como emisor y otro como receptor
1951,El poder humectante es tanto mayor cuanto mayor es el ángulo de contacto
1952,El principio básico de la desmagnetización consiste en someter la pieza a la acción de un campo magnético alterno cuya intensidad va disminuyendo gradualmente hasta anularse
1953,El pulido electrolítico solo se puede aplicar para preparar probetas de acero
1954,El revelador que se emplea en un ensayo mediante líquidos penetrantes ayuda a detectar e interpretar las discontinuidades emulsificando la exudación para facilitar la posterior limpieza
1955,El seno del ángulo de divergencia del campo ultrasónico lejano es inversamente proporcional al diámetro del oscilador
1956,El tiempo de penetración de un líquido penetrante depende del material del que esté constituida la pieza
1957,El tiempo de penetración depende de la temperatura de la pieza
1958,El tiempo de penetración depende del tipo de discontinuidad
1959,El tipo de eliminador utilizado en la inspección por líquido penetrante está determinado por el tipo de penetrante utilizado
1960,El tubo de un boroscopio es rígido
1961,El único método de magnetización que se puede usar en piezas fabricadas de aceros suaves con baja retentividad es el residual
1962,En caso de que a continuación se realice un tratamiento térmico todas las piezas deben ser desmagnetizadas después de la inspección
1963,En ciertos casos se puede calentar la pieza a temperaturas superiores a 50ºC para acelerar la penetración del líquido penetrante
1964,"En el caso de los líquidos penetrantes lavables con agua, la presión del agua para la eliminación del exceso de penetrante no debe ser mayor de 3,5 Kg/cm2"
1965,"En el ensayo de corrientes inducidas, si por la bobina circula corriente alterna sólo se opone al flujo la resistencia eléctrica del cable"
1966,En el ensayo de doblado cuanto mayor es el radio del mandril mayor será el esfuerzo realizado
1967,"En el ensayo de impacto en la cabeza de un tornillo, se golpea varias veces con un martillo hasta doblarla un ángulo de 90ºC"
1968,"En inspección mediante líquidos penetrantes postemulsificables, el emulsificador debe poseer poca capacidad de penetración"
1969,"En inspección mediante líquidos penetrantes postemulsificables, el emulsificador debe poseer una elevada capacidad de penetración"
1970,"En inspección mediante líquidos penetrantes postemulsificables, el emulsificador saca de las discontinuidades profundas al penetrante"
1971,"En inspección por partículas magnéticas, al magnetizar una barra mediante una bobina, obtenemos un campo magnético circular"
1972,"En inspección por partículas magnéticas, cuando la corriente eléctrica pasa a través de una bobina la dirección de las líneas de flujo inducido en una barra colocada en el centro de la bobina es longitudinal"
1973,En la industria aeronáutica se utilizan boroscopios para verificar el ajuste y colocación de dispositivos de cierre en lugares de difícil accesibilidad
1974,"En la inspección por ultrasonidos mediante el método impulso eco, un cristal piezoeléctrico emite ondas ultrasónicas que son recogidas por otro cristal piezoeléctrico situado en la parte opuesta del material"
1975,"En la mayoría de los casos, el mejor método de ensayo no destructivo, utilizable para examinar la superficie de materiales porosos, es el análisis con líquidos penetrantes lavables con agua"
1976,En la prueba hidrostática de tubos la presión del agua es tres veces la presión de servicio
1977,"En las ondas longitudinales, la vibración de los átomos o partículas, tienen lugar en la dirección de propagación de la onda"
1978,"En las ondas ultrasónicas transversales, las oscilaciones tienen lugar en la dirección de propagación de la onda"
1979,En los casos de los ensayos no destructivos (END) hay una mezcla de inspección y ensayos
1980,"En los ensayos de corrientes inducidas, los cambios del resultado con los cambios en la distancia entre bobina y la pieza se conoce como factor de llenado"
1981,"En los materiales con discontinuidades poco profundas, el tiempo de eliminación del líquido penetrante debe ser corto"
1982,"En radiología industrial, la penumbra geométrica depende del tamaño de la fuente pero no del espesor de la pieza"
1983,"En ultrasonidos, a las ondas de compresión cuyo desplazamiento de partículas es paralelo a la dirección de propagación se les denomina ondas longitudinales"
1984,En un ensayo de corrientes inducidas la densidad de estas corrientes disminuye con la profundidad de la pieza
1985,"En un proceso de inspección, los criterios de aceptación y rechazo son definidos después del trabajo por los inspectores"
1986,En un tubo de rayos X hay un obstáculo metálico contra el cual chocan los electrones y que constituye el cátodo
1987,En un tubo de rayos X la variación del kilovoltaje modifica la energía de la radiación y su intensidad
1988,En un tubo de rayos X la variación del miliamperaje sólo varía la intensidad de la radiación
1989,"En un tubo de rayos X, si aumenta el kilovoltaje, disminuye la energía de la radiación"
1990,"En una película fotográfica, la diferencia de densidad entre dos zonas adyacentes se denomina definición"
1991,En una radiografía industrial un poro tiene una tonalidad más clara que su entorno exento de defectos
1992,En una radiografía industrial una inclusión de wolframio tiene una tonalidad más oscura que su entorno exento de defectos
1993,"Es necesario realizar una desmagnetización, a una pieza sometida un ensayo de partículas magnéticas, aunque el material vaya a ser magnetizado en posteriores procesos de fabricación"
1994,"Existen sólo dos series de indicadores de calidad de imagen de hilos, una para aleaciones de hierro y otra para aleaciones de aluminio"
1995,"Generalmente se trabaja en ultrasonidos, en incidencia normal con ondas longitudinales, y en incidencia angular con ondas transversales"
1996,"Generalmente, el mejor método de ensayo ultrasónico para detectar discontinuidades orientadas a lo largo de la zona de fusión de una chapa soldada es un ensayo de contacto empleando una onda longitudinal recta"
1997,La retentividad de las partículas magnéticas debe ser lo mayor posible
1998,La absorción que experimenta una radiación X al atravesar una pieza depende fundamentalmente de su coeficiente de absorción lineal
1999,"La actividad de una fuente de radiación gamma es el número de desintegraciones en la unidad de tiempo, que se producen en una sustancia radiactiva"
2000,La adición de agentes tensoactivos a un líquido reduce el ángulo de contacto
2001,La adición de agentes tensoactivos a un líquido reduce la tensión superficial
2002,La aplicación principal de los boroscopios radica en programas de mantenimiento de equipos
2003,La calidad de la radiación gamma depende de la tensión de excitación
2004,La calidad de la radiación gamma depende del isótopo
2005,La calidad de la radiación X depende de la tensión de excitación
2006,La cantidad de electrones emitidos por el ánodo depende de la temperatura alcanzada en el filamento de volframio
2007,La cantidad de radiación emitida por una fuente de Rayos X se mide en curios
2008,La característica específica diferencial de la inspección con respecto a los ensayos es la determinación de la conformidad
2009,La componente principal de la radiación difusa o dispersa está constituida por los fotones debilitados por efecto Compton
2010,"La distancia entre los dos contactos, cuando se magnetizan piezas mediante punzones o puntas de contacto, tiene que ser superior a 300mm"
2011,La estricción es una propiedad de los metales que se determina mediante un ensayo tecnológico de plegado
2012,La etapa de desbaste en una preparación metalográfica es siempre manual
2013,La etapa de desbaste en una preparación metalográfica tiene como objetivo eliminar las irregularidades del corte y dejar plana la probeta
2014,La etapa de desbaste en una preparación metalográfica tiene como objetivo obtener una superficie reflectante
2015,"La evaluación de una indicación consiste en hallar la correlación entre la indicación detectada y la naturaleza, morfología, tamaño, etc de la heterogeneridad"
2016,La evaluación de una indicación obtenida en un END es el dictamen sobre qué es lo que da motivo a una indicación
2017,La evaluación de una indicación obtenida en un END es una función propia del experto en las técnicas de END
2018,La fuerza coercitiva de las partículas magnéticas debe ser lo mayor posible
2019,La fuerza magnética de una bobina o solenoide aumenta con el número de espiras
2020,La fuerza magnética de una bobina o solenoide depende de su diámetro
2021,La función del emulsificador en el penetrante postemulsificable es conducir al penetrante más rápidamente hacia las grietas profundas y estrechas
2022,La función principal del control de calidad es detectar imperfecciones
2023,La inspección de la impedancia eléctrica de la bobina sirve para controlar las características de la pieza
2024,La inspección por corrientes inducidas puede utilizarse para medir espesores de recubrimientos no conductores sobre metal conductor
2025,La inspección siempre requiere una evaluación de la conformidad
2026,La inspección visual suele requerir declaración de conformidad
2027,La intensidad de un campo magnético es conocida como fuerza coercitiva
2028,La intensidad de una radiación gamma queda determinada por la actividad de la fuente
2029,La interpretación de una indicación es la decisión sobre cuando una heterogeneidad afecta a su empleo
2030,La limpieza de la superficie inspeccionada por líquidos penetrantes con chorro de agua está prohibida
2031,La luz negra utilizada en la inspección por LP emite en el campo infrarrojo
2032,La luz negra utilizada en la inspección por LP emite en el campo ultravioleta
2033,"La magnetización con bobinas está especialmente indicado para ensayar mediante partículas magnéticas, piezas cuya longitud es mucho menor que su diámetro"
2034,La magnitud y el desfase de las corriente inducidas en una pieza depende del campo primario establecido por la corriente de excitación
2035,"La penumbra del proceso, en radiología industrial, disminuye cuando se aumenta la distancia foco-película"
2036,La penumbra geométrica se mejora aumentando la distancia foco-película
2037,La penumbra inherente es debida al movimiento de la fuente de emisión
2038,La permeabilidad magnética de las partículas magnéticas debe ser lo mayor posible
2039,La radiografía detecta muy bien los efectos de hoja
2040,La relación entre la cantidad de radiación que incide en un cuerpo y la que sale es proporcional a la distancia de la fuente a la pieza
2041,La solarización es un fenómeno que implica que un aumento de exposición de la película radiológica produce un aumento excesivo de densidad
2042,"La tensión superficial de un líquido penetrante depende, además del líquido, del material sobre el cual se aplica el líquido"
2043,La tensión superficial de un líquido penetrante es consecuencia de la fuerza de adhesión
2044,Las corrientes inducidas solo se pueden utilizar en piezas ferromagnéticas
2045,Las corrientes inducidas sólo se utilizan en piezas ferromagnéticas
2046,Las discontinuidades de morfología esférica son poco detectables por el ensayo de partículas magnéticas
2047,Las discontinuidades detectadas por el ensayo de líquidos penetrantes son siempre inaceptables
2048,"Las inclusiones de azufre, aunque estén en pequeñas proporciones, dificultan el mecanizado del metal"
2049,Las inclusiones exógenas provienen de la erosión mecánica o química de los refractarios durante la colada
2050,"Las indicaciones obtenidas por líquidos penetrantes visibles eliminables con disolvente, son menos visibles que las obtenidas con penetrantes fluorescentes"
2051,Las lámparas de luz negra se utilizan en la inspección por líquidos penetrantes fluorescentes
2052,Las ondas ultrasónicas longitudinales pueden trasformarse en transversales al incidir normalmente sobre la entrecara plana que separa dos medios diferentes
2053,Las ondas ultrasónicas se propagan con mayor velocidad en el vacío
2054,Las ondas ultrasónicas tienen frecuencias inferiores a 20KHz
2055,Las pantallas de plomo en contacto con la película reducen el tiempo de exposición debido a que son fluorescentes y emiten luz visible que ayuda a la exposición
2056,Las pantallas metálicas utilizadas en radiología son de volframato cálcico
2057,Las pantallas reforzadoras fluorescentes absorben la radiación dispersa
2058,"Las pantallas salinas, utilizadas en radiología, están formadas por una aleación de plomo y antimonio"
2059,Las partículas magnéticas redondeadas se orientan mejor que las alargadas
2060,Las películas radiográficas con tamaño de grano grande son películas lentas
2061,"Las posibles actividades de inspección durante la soldadura, superan a las actividades de antes y después de la soldadura"
2062,Las radiografías utilizadas en radiología industrial tienen emulsión sensible sólo en una cara
2063,"Las radiografías, utilizadas en radiología industrial, tienen emulsión sensible en las dos caras"
2064,Los ensayos con penetrantes lavables con agua pueden utilizarse en la inspección de piezas muy rugosas
2065,Los ensayos de recalcado se realizan a materiales que se utilizan para remaches
2066,"Los ensayos de un producto, en general, requieren la evaluación de la conformidad"
2067,"Los Ensayos no destructivos (END) exigen, según norma, controles propios de inspección"
2068,Los Ensayos No Destructivos (END) permiten la obtención de datos de todo el volumen de una pieza
2069,Los ensayos no destructivos determinan la característica buscada en el material a través de otra característica relacionada con ella
2070,Los ensayos no destructivos pueden utilizarse en metrología
2071,Los ensayos tecnológicos se emplean cuando Interesa comprobar el valor práctico de un material para una determinada aplicación
2072,Los gases y los líquidos son incapaces de transmitir ondas longitudinales
2073,"Los ICI deberán colocarse, siempre que sea posible, entre la pieza a inspeccionar y la película"
2074,"Los ICI deberán colocarse, siempre que sea posible, entre el foco y la pieza a inspeccionar"
2075,Los isótopos radiactivos tienen un espectro continuo
2076,Los líquidos penetrantes fluorescentes lavables con agua son adecuados para las discontinuidades poco profundas
2077,Los líquidos penetrantes fluorescentes postemulsionables lavables con agua son los que presentan mayor sensibilidad
2078,Los líquidos penetrantes lavables con agua se diferencian de los postemulsificables en que los primeros sólo pueden utilizarse sobre muestras de aluminio
2079,Los líquidos penetrantes permiten detectar discontinuidades abiertas a la superficie en materiales porosos
2080,Los líquidos penetrantes permiten detectar grietas superficiales en aleaciones de niquel
2081,Los líquidos penetrantes se aplican preferentemente a materiales magnéticos
2082,Los líquidos penetrantes se pueden utilizar para auxiliar en la inspección visual
2083,"Los líquidos penetrantes son capaces de detectar defectos que, sin estar abiertos al exterior, sean ligeramente subsuperficiales"
2084,Los líquidos penetrantes son mezclas de hidrocarburos con alta viscosidad y bajo punto de ebullición
2085,Los materiales ferromagnéticos después de haber sido sometidos a un campo magnético presentan un campo magnético residual que es inversamente proporcional a su retentividad
2086,"Los métodos de Ensayos No Destructivos (END), en general, se basan en medir alguna propiedad cuya variación está relacionada con la existencia de discontinuidades"
2087,Los palpadores angulares utilizan un cristal piezoeléctrico como emisor y otro como receptor
2088,Los palpadores SE utilizan el mismo cristal piezoeléctrico como emisor y como receptor
2089,"Los Rayos gamma son de la misma naturaleza que los Rayos X, presentando, en general, mayores longitudes de onda que estos"
2090,Los rayos x no tienen carga eléctrica ni masa
2091,Los rayos X pueden ionizar la materia
2092,Los yugos de imán permanente no pueden modificar su densidad de flujo
2093,Mediante métodos de Ensayos No Destructivos (END) se pueden determinar tensiones en una pieza
2094,"No es necesario realizar una desmagnetización, a una pieza sometida un ensayo de partículas magnéticas, cuando el material tiene alta retentividad"
2095,"Normalmente para calibrar un aparato de ultrasonido se utiliza como acoplante glicerina, y posteriormente en el ensayo propiamente dicho se utiliza aceite"
2096,"Para elegir el método de ensayo no destructivo que se ha de utilizar, hay que tener conocimiento del tipo de heterogeneidad que se pretende detectar"
2097,"Para elegir el método de ensayo no destructivo que se ha de utilizar, hay que tener presente el proceso de elaboración del material que se pretende ensayar"
2098,"Para elegir el método de ensayo no destructivo que se ha de utilizar, hay que tener presente la naturaleza del material que se pretende ensayar"
2099,Para la preparación de los líquidos penetrantes se utilizan productos de baja presión de vapor y alto punto de ebullición
2100,"Para localizar defectos en inspección por partículas magnéticas, la pieza debe ser magnetizada de forma que el eje del posible defecto esté paralelo a las líneas de fuerza"
2101,"Para magnetizar con bobina o solenoide una pieza, en general, no conviene que el diámetro de la bobina sea del orden de 10 veces superior al de la pieza"
2102,Para reducir el valor de la penumbra geométrica de una imagen radiográfica la distancia foco-película tiene que ser lo mayor posible
2103,Se puede realizar una evaluación del nivel de corrosión mediante ensayos no destructivos
2104,Se pueden medir espesores con ensayos no destructivos
2105,"Si con cobalto de 60 y un tiempo de exposición de 10 min se obtiene una buena radiografía sobre una pieza fundida de 75 mm de espesor y DFP=900 mm y tenemos que variar la DFP, pasando a 600 mm, el nuevo tiempo de exposición será de 8,8 min"
2106,Si el espesor del revelador es grande se reduce la detectabilidad de las continuidades
2107,"Si el tamaño de las partículas magnéticas es grande, las pequeñas discontinuidades no darían ninguna indicación"
2108,Si la corriente de magnetización pasa a través de una barra siguiendo su longitud se obtiene un campo magnético longitudinal
2109,Si las partículas magnéticas son pequeñas no se detectan pequeñas discontinuidades
2110,"Si una pieza de acero inspeccionada por partículas magnéticas va a recibir un recocido, no es necesario que se realice la desmagnetización"
2111,"Sólo se puede utilizar el método continuo de aplicación de partículas magnéticas, en aquellos materiales con alta retentividad"
2112,Sólo un 10% de la energía disponible en un haz de radiación se utiliza para obtener una imagen latente radiográfica
2113,Un aumento del tamaño de foco aumenta la penumbra geométrica
2114,Un buen líquido penetrante debe tener alta volatilidad
2115,Un buen líquido penetrante se caracteriza más por un ángulo de contacto muy grande que por el valor de la tensión superficial
2116,Un defecto localizado a 1/4
2117,Un defecto que puede aparecer al someter un material a tratamiento térmico son las entalladuras de temple
2118,Un ensayo de recalcado es una medida del comportamiento a esfuerzos de compresión o choque
2119,Un inconveniente de los líquidos penetrantes coloreados eliminables con disolventes es su difícil aplicación sobre superficies rugosas
2120,"Un inconveniente que presenta un imán permanente para magnetizar piezas, es que la densidad de flujo no se modifica"
2121,Un objetivo que se persigue con los ensayos de fuga es prevenir la contaminación ambiental
2122,Un poro se detecta en una placa radiográfica como una mancha oscura
2123,"Un procedimiento para desmagnetizar una pieza consiste en mantenerla en el interior de la bobina, por la que circula corriente alterna, y mediante un potenciómetro ir aumentando la intensidad de la corriente"
2124,"Un procedimiento para desmagnetizar una pieza consiste en moverla desde el exterior hasta el núcleo de una bobina, por la que circula corriente alterna"
2125,Un revelador tiende a aumentar el tamaño de la indicación
2126,Una diferencia importante entre los penetrantes no lavables con agua y los lavables con agua es que los penetrantes no lavables con agua se eliminan más rápidamente que los lavables
2127,Una fuente de Cobalto 60 tiene su límite práctico de aplicación para un espesor de 280 mm de acero o su equivalente
2128,Una inspección incluye ensayos siempre
2129,"Una película radiográfica tiene, como componente principal, una capa fina de emulsión que recubre una de las caras de una hoja soporte"
2130,Una posible causa de las grietas de rectificado puede ser una velocidad de avance excesiva
2131,Una posible causa de las grietas de rectificado puede ser una velocidad excesiva
2132,Una ventaja de los materiales con inclusiones es que dificulta los procesos de fatiga
2133,Uno de los efectos perjudiciales producido por las inclusiones es la debilidad del material en sentido perpendicular al de laminación
2134,Uno de los requisitos necesarios para el éxito de una apliación de un ensayo no destructivo es que los resultados no sean afectados por el juicio del operador
2135,Un ensayo de recalcado puede consistir en comprimir la probeta hasta que su altura se reduzca a la tercera parte
2136,La inspección de una pieza debe asegurar que el material esté totalmente libre de discontinuidades
2137,"El ensayo de partículas magnéticas puede detectar discontinuidades superficiales, que se encuentren un plano perpendicular a las líneas de fuerza, en materiales como el cobre"
2138,"El ensayo de partículas magnéticas puede detectar discontinuidades superficiales, que se encuentren en un plano perpendicular a las líneas de fuerza, en materiales como el cobalto"
2139,"En inspección mediante líquidos penetrantes postemulsificables, el emulsificador proporciona un fondo de contraste durante el examen"
2140,Las ondas ultrasónicas longitudinales pueden trasformarse en transversales al incidir normalmente sobre la intercara plana que separa dos medios diferentes
2141,El método de transparencia de ensayo por ultrasonidos se basa en lel análisis de a señal reflejada
2142,"En caso de que a continuación se realice un tratamiento térmico, todas las piezas deben ser desmagnetizadas después de la inspección"
2143,"Para localizar defectos en inspección por partículas magnéticas, la pieza deber ser magnetizada de forma que el eje del posible defecto esté paralelo a las líneas de fuerza"
2144,Los líquidos penetrantes permiten detectar grietas superficiales en aleaciones de níquel
2145,"El ensayo de partículas magnéticas puede detectar discontinuidades superficiales, que se encuentren un plano perpendicular a las líneas de fuerza, en materiales como el aluminio"
2146,Un defecto que puede aparecer al someter un material a tratamiento térmico son las grietas de temple
2147,Los yugos de imán permanente no se pueden utilizar cuando hay atmósferas explosivas
2148,"Cuanto mayor sea el número atómico del material que forma el anticátodo, mayor será el rendimiento de la generación de Raros X"
2149,El líquido penetrante debe ser aplicado a una temperatura comprendida entre 16-52ºC
2150,"Las películas radiográficas con tamaño de grano grande, son películas lentas"
2151,"Si las partículas magnéticas son de gran tamaño, no se detectan grandes discontinuidades"
2152,La inspección por corrientes inducidas puede utilizarse para media espesores de recubrimientos no conductores sobre metal conductor
2153,Los líquidos penetrantes son habitualmente tóxicos e inflamables
2154,Sólo se puede utiliza el método continuo de aplicación de partículas magnéticas en aquellos materiales con alta retentividad
2155,Cuanto menor es el espesor de una pieza más fácil resulta su inspección mediante ultrasonidos
2156,"En la inspección de partículas magnéticas mediante el método de los electrodos, se hace magnetización circular"
2157,"Uno de los ensayos tecnológicos que se aplican en el control de piezas moldeadas, es el de embutición"
2158,El boroscopio es un equipo especialmente diseñado para inspeccionar áreas accesibles
2159,"La interpretación de la indicación obtenida en un ensayo no destructivo, consiste en hallar su correlación con su efecto posterior sobre las propiedades"
2160,La adición de agentes tensoactivos a un líquido penetrante aumenta su tensión superficial
2161,Las ondas ultrasónicos long y tras transportan energía pero no masa
2162,Los chasis o películas flexibles utilizados en Radiología Industrial se construyen con materiales plásticos de gran poder de absorción
2163,"El ensayo por corrientes inducidas se realiza en piezas conductoras de la electricidad, tanto ferro como no ferromagneticas"
2164,Los líquidos penetrantes postemulsificables requieren siempre luz ultravioleta para su detección
2165,"En la inspección por partículas magnéticas mediante el método de los electrodos, la magnatización es circular"
2166,"Para desmagnetizar, basta con aplicar un campo de la misma magnitud y sentido inverso al existente en la pieza"
2167,Las ondas ultrasónicastransverales solo se transmiten de forma apreciables en los sólidos
2168,"En inspección por ultrasonidos, cuando se trabaja en incidencia normal las ondas son longitudinales"
2169,"La disitribución del campo ultrasónico, se conoce como campo próximo la zona optimizada para la detección de disconitnuidades"
2170,EL método de ensayo por ultrasonidos de Impulso-Eco tiene la desventaja de necesitar dos superficies accesibles
2171,"En el espectro de radiació de un tubo de rayos X, la radiación característica es función del material del cátodo"
2172,"AL introducir el isótopo radiactivo en su contenedor, cesa la producción de radiación gamma"
2173,"En el ensayo de dureza Rockwell, el resultado se expresa en función de la recuperación producida en la penetración alcanzada por el identador al librerar la carga aplicada"
2174,La inspección siempre requiere emitir evaluación de conformidad
2175,"En END, la diferencia entre discontinuidad y defecto es que un defecto resulta siempre rechazable de acuerdo con las normas aplicables"
2176,"El fundamento del método de inspección por partículas magnéticas es la creacción de campos de fuga de flujo magnético, asociados a discontinuidades del material"
2177,"La inspección mediante corrientes inducidas permite identificar condiciones y propiedades relacionadas con la conductividad eléctrica, y no con la permeabilidad magnética"
2178,El ensayo Rockwell permite conocer la dureza de un metal relacionando la carga aplicada con la superficie de la huella producida
2179,"En el ensayo por partículas magnéticas, las discontinuidades subsuperficiales presentan unas discontinuidades con los bordes perfectamente definidos"
2180,Los criterios de aceptación y rechazo de una inspección deben quedar establecidos y acordados previamente al comienzo del trabajo
2181,El objetivo de una pantalla reforzadora es reducir los tiempos de exposición
2182,"Las características eléctricas de tensión, intensidad y polaridad son inspecciones a realizar durante la soldadura"
2183,"En el ensayo de flexión alternativa de alambres, estos se doblan alternativamente ángulos de 45º"
2184,"El ensayo denominado: ""del petróleo y la cal"" es un antecedente histórico del actual ensayo por LP"
2185,Las partículas subatómicas es uno de los soportes físicos utilizados por los métodos de END
2186,Los métodos de ensayo destructivos pueden asegurar la calidad de todos los elementos de un lote fabricado
2187,"El objetivo de cualquier ensayo mecánico que se realice, es poder tomar decisiones sobre la idoneidad de un material"
2188,"En la inspección por ultrasonidos, la altura de los ecos (picos) es proporcional a la presión acústica reflejada por el obstáculo"
2189,Según el efecto fotoeléctrico al incidir un fotón con un electrón lo desplaza a una órbita de menor energía
2190,La película radiográfica puede evaluarse nada más terminar la exposición sin ningún tratamiento intermedio
2191,Se define como actividad de un isótopo al número de desintegraciones producidas en la unidad de tiempo
2192,"En un ensayo de fatiga, el valor del coeficiente de fatiga (R) es siempre menor que 1"
2193,"En radiología industrial se dispone de tres series de ICI: para aceros y materiales férreos (clase Fe), para el aluminio y sus aleaciones (clase Al) y para el cobre y sus aleaciones (clase Cu)"
2194,"Los códigos y normas exigen ""a priori"" cero defectos en el equipo o la pieza inspeccionada"
2195,El ensayo de flexión alternativa de alambres mide el nº de flexiones hasta la rotura
2196,"Dos películas radiográficas de la misma pieza y con la misma densidad, tendrá una mejor definición y contraste aquella que haya sido realizada con una menor distancia entre el foco y la pieza"
2197,"En la inspección por LP, es correcto aceptar piezas con indicaciones identificadas como falsas"
2198,Las pantallas reforzadoras metálicas más utilizadas son de una aleación de plomo y antimonio
2199,"En materiales que vayan a trabajar en fatiga, la descarburación superficial no va a suponer problemas significativos"
2200,"Si suponemos que la velocidad del sonido en una barra de aluminio es 6400 m/s y su densidad 2,7 Kg/m3 su impedancia acústica tendrá un valor de 17280 Kg m-2 s-1"
2201,La magnitud y el desfase de las corriente inducidas en una pieza es independiente de las propiedades electromagnéticas de la pieza
2202,"Los reveladores utilizados en la inspección por LP, deben proporcionar una capa continua de espesor uniforme"
2203,"En la inspección por ultrasonidos de una soldadura a tope de una chapa de acero de 40 mm de espesor donde, en ambas caras, se aprecian unas aguas de soldadura regulares, se recomienda utilizar un palpador normal en lugar de un palpador angular"
2204,"Durante una inspección radiográfica, el acero absorbe mayor cantidad de radiación que el aluminio"
2205,La presencia de inclusiones favorece en los aceros la aparición de grietas de temple
2206,Se llaman fallos en el mecanizado a los errores dimensionales producidos durante el mecanizado no achacables al operario
2207,Muchos defectos no superficiales y por lo tanto invisibles pueden ser peligrosos y pueden dar lugar a roturas en servicio
2208,La presencia de puntos blancos en la radiografía de una soldadura MIG/MAG de un acero al carbono indica pequeñas inclusiones de volframio proveniente del electrodo
2209,La inspección de un producto debe asegurar que el material esté totalmente libre de discontinuidades
2210,Las radiaciones X y gamma no son detectables por nuestros sentidos y tampoco son peligrosas para la salud de los seres vivos
2211,"En la inspección por LP, durante la aplicación del revelador es conveniente observar la superficie, con el fin de detectar cualquier pequeña indicación antes de que pueda dispersarse o diluirse y dejar de apreciarse"
2212,"En la inspección por ultrasonidos de soldaduras, se recomienda que el sobreespesor del cordón sea mecanizado a paño para facilitar el acoplamiento del palpador"
2213,La dureza Brinell coincida con la dureza Vickers para materiales blandos
2214,"Si suponemos que la velocidad del sonido en una barra de aluminio es 6400 m/s y su densidad 2,7 Kg/m3 su impedancia acústica tendrá un valor de 2370 m2 Kg-1 s-1"
2215,"Al introducir un material ferromagnético en un campo magnético, a medida que se aumenta el valor del campo magnetizante, disminuye el valor de la inducción magnética creada en la pieza"
2216,"En la inspección por LP fluorescentes, la intensidad de esta luz negra deberá ser como mínimo de 800 mW/cm2"
2217,El valor de la estricción se calcula mediante un ensayo de tracción
2218,"En la solidificación de los metales, la segregación menor o intercristalina está producida por impurezas tales como P y S"
2219,"Cuando una pieza ha tenido un fallo por inestabilidad elástica, se clasifica como fallo por defecto de diseño"
2220,La permeabilidad magnética se define como el producto de la inducción magnética por la intensidad del campo campo magnético aplicado
2221,"En la superficie límite entre dos substancias diferentes, la fuerza de atracción entre un líquido y un sólido se llama cohesión"
2222,"En un ensayo de corrientes inducidas, la capa anodizada de una aleación de aluminio se considera conductora de la corriente eléctrica"
2223,"En la inspección por LP, el revelador seco más utilizado es la sílice amorfa pulverizada, por ser más ligera y dar mejores resultados"
2224,La mediad de la dureza Rockwell C utiliza un penetrador esférico
2225,"En la inspección por ultrasonidos, cualquier heterogeneidad presente en un material constituye un obstáculo para la onda acústica, y su presencia se pondrá de manifiesto por su ""sombra"" cuando se emplea el método de impulso-eco"
2226,"En la inspección por ultrasonidos, las indicaciones de los ecos (picos), aparecen a distancias de la base de tiempo proporcionales a su distancia al palpador"
2227,"La penumbra geométrica, en la inspección de una soldadura a tope de una chapa de acero de 20 mm, realizada por rayos X con ventana de 10 mm de diámetro y distancia foco pieza de un metro, es de 0,2 mm"
2228,"La sensibilidad radiográfica de una radiografía de una soldadura a tope de una chapa de 32 mm de espesor donde el alambre más delgado que se aprecia del ICI es 0,8 mm, tiene un valor de 2,5%"
2229,Los rayos X son de la misma naturaleza física que los fotones
2230,El boroscopio sólo utiliza la luz blanca
2231,Mediante un análisis macrográfico se puede determinar la profundidad de la capa cementada de un acero
2232,La emisión por radiación X utiliza partículas no ionizantes
2233,"En radiología industrial, las marcas de identificación y situación se colocarán sobre el objeto que se radiografía, para permitir la localización de los posibles defectos y proceder a su reparación"
2234,Las películas radiográficas industriales Tipo 4 (muy rápidas) tienen un contraste muy alto
2235,"En un ensayo de tracción, el inicio de la estricción se produce al superarse el límite elástico"
2236,La tensión superficial se define como la fuerza por unidad de longitud que se ejerce tangencialmente sobre la superficie de separación entre un líquido y un sólido
2237,Para evitar los fenómenos de distorsión en una imagen radiográfica el haz de radiación debe ser perpendicular a la película y la pieza
2238,"En la inspección por LP, el revelador con suspensión de polvo en disolventes, se utiliza para los penetrantes rojos y suelen presentarse envasados en forma de aerosoles"
2239,"Los LP se clasifican en tres tipos: lavables con agua, emulsificables y eliminables con disolventes"
2240,"Si se estima que la penumbra geométrica máxima de una soldadura a tope de una chapa de acero de 40 mm de espesor, debe ser de 0,4 mm y sabiendo que el diámetro del isótopo de Co 60 es 10 mm, la distancia foco película utilizada en la inspección deberá ser mayor o igual de 1,04 m"
2241,"Los códigos, normas y especificaciones relativos a la construcción e inspección de componentes o equipos de responsabilidad, son requisitos que ponen las empresas, en donde no intervienen las administraciones públicas"
2242,"La dimensión del campo próximo de un palpador normal con un cristal piezoeléctrico de diámetro 8 mm, en donde se está utilizando la frecuencia de 2 MHz, en la inspección de una pieza de acero (velocidad del sonido 5100 m/s) es 6,27 mm"
2243,"Si suponemos que la velocidad del sonido en una barra de acero es 5000 m/s y su densidad 7,87 Kg/m3, su impedancia acústica tendrá un valor de 635 m2 Kg-1 s-1"
2244,"En la inspección por rayos X, la emulsión sensible es una suspensión de haluros de plata (ioduros y bromuros) en gelatina de espesor unos 2 mm"
2245,"En los métodos de END, la interpretación de una indicación, es el dictamen sobre qué es lo que ha dado motivo a la indicación"
2246,"En radiología industrial, los ICI han de incorporar alguna identificación de su tamaño"
2247,La calibración de un equipo de ultrasonido es necesario realizarse cuando se cambia de operador
2248,Los palpadores SE utilizan un cristal piezoeléctrico como emisor y otro como receptor
2249,Si un acero en un ensayo de resiliencia da un valor de 100 J decimos que tiene un comportamiento tenaz
2250,El tiempo de emulsificación en los LP postemulsificables suele variar entre 3 y 5 minutos
2251,Los líquidos penetrantes post-emulsificables tienen alta sensibilidad para inspeccionar grietas muy finas
2252,"En la inspección por ultrasonidos, la duración del impulso emitido por el palpador es del orden de 310-6 s"
2253,"Los reveladores utilizados en la inspección por LP, deben tener un escaso poder cubriente"
2254,Interpretar una indicación es declarar si ésta consiste en un defecto aceptable o rechazable
2255,"En radiología industrial, la radiación secundaria reduce el contraste y resta definición a la imagen radiográfica"
2256,Las grietas de rectificado suelen tener profundidades entre 2 y 5 mm
2257,Todos los métodos de END permiten evaluar todo el volumen de la pieza examinada
2258,Las grietas de rectificado son fisuras poco profundas que aparecen en forma de malla o red
2259,"En los metales forjados y laminados, las inclusiones están alineadas en la dirección del conformado"
2260,"En un ensayo de corrientes inducidas, la profundidad estándar de penetración depende de la frecuencia de la corriente magnetizadora"
2261,Una cámara fotográfica es un equipo utilizado para auxiliar la inspección visual
2262,El origen del ensayo por ultrasonidos se considera una evolución del ensayo realizado golpeando con un martillo la pieza analizada y la identificación del sonido emitido percibido por el oído
2263,Evaluar una indicación es una función propia del experto en las técnicas de END
2264,La verificación de la cualificación de los soldadores es una inspección a realizar antes de la soldadura
2265,"El exceso de penetrante en los LP lavables con agua, se realizará pulverizando agua sobre la pieza con una presión de salida superior a 3,5 kg/cm2"
2266,El daltonismo es un requisito apreciado para algunos procesos de inspección visual
2267,El abocardado de tubos se considera un ensayo tecnológico
2268,"En los métodos de END, obtener una mancha alargada y roja en un examen por LP se considera una indicación propia"
2269,"En la inspección por ultrasonidos, las ondas emitidas longitudinales no pueden transformarse en transversales"
2270,"En la radiografía de una soldadura a tope de una chapa de acero de 10 mm de espesor realizada a 1 m de distancia de la ventana de rayos X, se aprecian tres hilos de ICI Si la radiografía se hiciera a 2 m de distancia, aumentando el tiempo de exposición para obtener la misma densidad, en la placa radiográfica se verían más hilos del ICI"
2271,"En las ondas ultrasónicas longitudinales, las oscilaciones tienen lugar en la dirección de propagación de la onda"
2272,"Los líquidos penetrantes pueden aplicarse sobre materiales ferromagnéticos, pero es más ventajoso utilizar partículas magnéticas"
2273,"En radiología industrial, la normativa ISO-EN recoge que el nivel de sensibilidad radiográfica debe ser por lo menos de un 4%"
2274,"Si con cobalto de 60 y un tiempo de exposición de 10 min se obtiene una buena radiografía sobre una pieza fundida de 75 mm de espesor y DFP = 900 mm y tenemos que variar la DFP, pasando a 600 mm, el nuevo tiempo de exposición será de 8,8 min"
2275,A veces las piezas que se ensayan con líquidos penetrantes se calientan a temperaturas inferiores a 50ºC para acelerar el proceso de penetración
2276,El método de transparencia de ensayo por ultrasonidos se basa en el análisis de la señal reflejada
2277,"En un ensayo de corrientes inducidas, se prefiere utilizar el modo diferencial en la inspección de tuberías que el modo absoluto"
2278,Los materiales ferromagnéticos presentan una elevada densidad de flujo magnético
2279,Los líquidos penetrantes lavables con agua se diferencian de los potsemulsificables en que los primeros sólo pueden utilizarse sobre muestras de aluminio
2280,La inspección por corrientes inducidas puede utilizarse para medir espesores de recubrimientos no magnéticos sobre metal magnético
2281,"Las radiografías, utilizadas en radiología industrial, tienen emulsión sensible solo en una cara"
2282,El poder humectante es una característica propia del líquido
2283,"Todos los defectos superficiales que sean visibles, pueden reducir o hacer peligrar la vida del componente"
2284,Una vez terminada la pieza o estructura se debe poner en marcha el programa de puntos de inspección para verificar su correcta realización
2285,"En la inspección por rayos X, la radiación secundaria se produce tanto en el propio objeto que se radiografía, como en todos los cuerpos (soportes, suelo, muros, techo, etc) situados en sus proximidades"
2286,"En radiología industrial, el blindaje de un contenedor de los isótopos radiactivos está fabricado con acero templado y revenido"
2287,"En un ensayo de fatiga, el valor del coeficiente de fatiga (R) es siempre positivo"
2288,"Para evaluar la unión correcta del cromado electrolítico depositado sobre una chapa de 30 mm acero al carbono, se puede realizar tanto por ultrasonidos como por radiología"
2289,"El fallo sufrido por una pieza por corrosión, se clasifica como fallo por factores preponderantes"
2290,El brillo y la extensión de la indicación son parámetros fundamentales en la interpretación de las indicaciones por LP
2291,"La eliminación del penetrante, cuando se emplean LP fluorescentes, se aconseja realizarla bajo luz negra"
2292,Los métodos de END permiten la caracterización química y mecánica de los materiales
2293,"En un ensayo por PM, el ""campo de fuga"" es la zona donde se acumulan las partículas secas"
2294,"En los métodos de END, obtener una indicación propia, supone que la pieza debe ser reparada ya que ésta es inaceptable"
2295,El método de transparencia de ensayo por ultrasonidos se basa en medir la caída de la intensidad acústica transmitida en el material donde hay heterogeneidades
2296,"En la inspección por LP, el tipo de revelador más utilizado es la disolución acuosa"
2297,La formación de pares en la interacción de una radiación gamma con un metal consiste en que un fotón se transforma en dos fotones con energía mitad de la primitiva y la misma dirección de propagación
2298,"En un ensayo de tracción, el límite elástico convencional se calcula multiplicando el límite elástico aparente por 0,9"
2299,"El control de la calidad en la inspección de actividades en el ámbito de la Tecnología de Materiales, representa una serie de acciones que deben ser consideradas como parte del proceso productivo"
2300,El listado cronológico de las diferentes inspecciones en el seguimiento y control de un equipo se denomina programa de puntos de inspección
2301,Cuanto mayor sea la actividad de un isótopo radiactivo menor será su poder de penetración
2302,Los rayos gamma son radiaciones electromagnéticas cuyas longitudes de onda están comprendidas entre 10-12 y 10-9 metros
2303,"En un ensayo de corrientes inducidas para barras de acero, el factor de llenado se utiliza para evaluar las variaciones del diámetro exterior de las barras"
2304,Los resultados obtenidos en los END son comúnmente afectados por el juicio del operador
2305,El control de los procesos de fabricación mediante END aporta beneficios económicos directos a la producción
2306,"En la inspección por ultrasonidos, la técnica de impulso-eco no puede utilizarse para examinar uniones de chapas soldadas por puntos"
2307,La composición química del metal de aportación es una inspección a realizar después de la soldadura
2308,"En la inspección por LP, si la superficie a examinar es muy grande, la aplicación del revelador puede efectuarse por zonas"
2309,Las películas radiográficas industriales Tipo 1 (lentas) tienen un tamaño de grano muy pequeño
2310,"La inspección por macroscopía de la sección transversal de un cordón de soldadura, permite determinar, entre otras cosas, el número de pasadas empleadas en su ejecución"
2311,"En la inspección por ultrasonidos, el cuarzo como cristal piezoeléctrico se le considera muy buen emisor"
2312,"En la inspección por ultrasonidos, la dispersión, debida a materiales no homogéneos con irregularidades (inclusiones, precipitados, fases distintas, límites de grano, etc), para evaluar la presencia de heterogeneidades, utiliza el método de transparencia"
2313,Un aumento del tamaño del foco aumenta la penumbra geométrica
2314,En el ensayo de resiliencia el golpe del martillo se da en la cara de la probeta que tiene mecanizada la entalla
2315,"El ángulo de contacto entre un líquido y un sólido es función de la adherencia, pero no de la cohesión"
2316,"En un ensayo de corrientes inducidas, la profundidad estándar de penetración no depende de la conductividad eléctrica de la pieza examinada"
2317,La elección del método y las técnicas operatorias idóneas es una etapa básica de la inspección mediante END
2318,Una fuente de Cobalto 60 tiene su límite práctico de de aplicación para un espesor de 280 mm de acero o su equivalente
2319,"En un ensayo de corrientes inducidas, la corriente de excitación se modifica con los pequeños cambios en las propiedades electromagnéticas de las piezas examinadas"
2320,"El fallo sufrido por una pieza por la inadecuada elección del tratamiento térmico, se clasifica como fallo por defecto de diseño"
2321,"Si el ángulo de contacto entre un líquido y un sólido es mayor de 90º, se dice que moja la superficie del sólido"
2322,"El fallo sufrido por una pieza por tensiones residuales, se clasifica como fallo por utilización anormal"
2323,La energía de la radiación gamma es inversamente proporcional a su longitud de onda
2324,"Cuanto mayor es la histéresis magnética de un material, mayor es su fuerza coercitiva"
2325,"La presencia de una grieta en una soldadura, inspeccionada por ultrasonidos, produce una indicación consistente en una mancha oscura y alargada en la pantalla"
2326,"En la inspección por ultrasonidos, la duración del período de reposo entre impulsos emitidos por el palpador es mucho menor que la duración del impulso, del orden de 10-2 s"
2327,La identificación y evaluación de las indicaciones de las placas radiográficas se realiza a simple vista
2328,Los códigos y normas permiten ciertas anomalías respecto al ideal de obtener cero defectos
2329,"En la inspección por rayos X, el contraste de una película entre dos zonas que presentan densidades de 2 y 3,4 tiene un valor de 1,7"
2330,"La eliminación del penetrante, cuando se emplean LP eliminables con disolventes, podrá realizarse por pulverización si la presión de salida es inferior a 3,5 kg/cm2"
2331,La calidad de una radiación X aumenta al disminuir su longitud de onda
2332,El ensayo de termofluencia se realiza a carga y temperatura constantes
2333,"En la inspección por ultrasonidos, las unidades de la presión acústica (P) son N/m2"
2334,"Las impurezas que se presentan en películas continuas o alargadas son las menos peligrosas, desde el punto de vista de la integridad de la pieza"
2335,"En la inspección por ultrasonidos de chapas, se recomienda que su superficie esté suficientemente limpia y lisa para permitir que la señal del eco de fondo se mantenga, en la zona libre de defectos, por lo menos en un 20% del total de la escala"
2336,La transmisión por ultrasonidos en gases y líquidos se realiza con igual eficiencia tanto con ondas transversales como con ondas longitudinales
2337,"En un ensayo de corrientes inducidas, la conductividad eléctrica del metal examinado no afecta a la impedancia medida en la bobina"
2338,El tamaño del foco en un isótopo de iridio 192 coincide con el diámetro del isótopo
2339,La elección del método de END que se ha de utilizar es independiente de la geometría de la pieza
2340,"La inspección se define como el examen de un diseño de producto, producto, servicio, proceso o instalación, y la determinación de su conformidad"
2341,Las pantallas reforzadoras fluorescentes tienen factores de intensificación altos que permiten reducciones en la exposición del orden de un 95%
2342,"La solidificación de los metales moldeados se desarrolla a través de planos cristalográficos específicos, lo que da lugar a una estructura dendrítica"
2343,Un ensayo de termofluencia tiene una duración media de unas 500 horas
2344,"En un ensayo de corrientes inducidas, la corriente de excitación provoca corrientes inducidas sobre las piezas a examinar"
2345,"Los ensayos mecánicos deben realizarse bajo condiciones preestablecidas, que serán registradas junto con los resultados, con el fin de garantizar la fiabilidad de los datos obtenidos"
2346,El tamaño del foco de un tubo de rayos X coincide con el radio de la ventana del tubo de rayos X
2347,"En la inspección por ultrasonidos, la frecuencia de la onda es la misma para todas las partículas y es igual a la frecuencia del generador, la cual puede elegirse"
2348,"En la inspección por LP, la utilización de reveladores húmedos dificulta el reensayo"
2349,"Utilizar un penetrante poco viscoso, supone gastar más líquido penetrante por unidad de superficie examinada"
2350,"En la inspección por ultrasonidos, si se utiliza agua como acoplante, se le podrán añadir agentes humectantes y correctores de la dureza"
2351,Los métodos de END no cubren el área de la metrología de los materiales
2352,La radiación gamma emitida por los isótopos no puede ser modificada por la temperatura o por la acción de un campo eléctrico o magnético
2353,La evaluación de una indicación será la misma sea cual sea el lugar de la pieza donde se localice
2354,"En la inspección por LP, la gran mayoría de los reveladores, permiten tiempos de revelado cortos, del orden de un minuto"
2355,"El fallo sufrido por una pieza por fisuración, se clasifica como fallo funcional"
2356,"En el ensayo de tracción de una probeta de alúmina, el límite elástico coincide con la carga de rotura"
2357,La inspección y los ensayos están en relación porque frecuentemente la inspección requiere la realización de ensayos para obtener datos en base a los cuales poder realizar una evaluación de conformidad
2358,Las pantallas reforzadoras metálicas mejoran el contraste y la definición de la imagen radiográfica
2359,"Las pantallas reforzadoras metálicas suelen tener un espesor similar en ambas caras de la película del orden de 0,1 mm"
2360,"Las radiaciones X y gamma son peligrosas, en los materiales poliméricos dan lugar a la formación de radicales libres y su consiguiente degradación"
2361,"Los chasis flexibles donde se colocan las películas radiográficas, se construyen con material plástico opaco a la luz visible"
2362,Los ultrasonidos son ondas acústicas de idéntica naturaleza que las ondas sonoras
2363,"Un indicador de calidad de imagen debe ser de un material de propiedades análogas, desde el punto de vista de su poder de absorción, a las del material objeto del estudio"
2364,"Al acero para bolas y superficies de rodadura de los cojinetes, se le añaden inclusiones no metálicas para favorecer los procesos de deslizamiento y rodadura"
2365,Para la elección del método de END hay que especificar los límites de sensibilidad y tolerancias requeridas en el ensayo
2366,La función del emulsificador en el penetrante potsemulsificable es conducir al penetrante más rápidamente hacia las grietas profundas y estrechas
2367,Las películas radiográficas industriales Tipo 4 (muy rápidas) están diseñadas para las pantallas reforzadoras fluorescentes
2368,"En el ensayo de tracción en el cuello de tornillos, estos deben experimentar alargamiento y estricción en la zona traccionada"
2369,La reluctancia es la oposición de un material a que se establezca un flujo magnético
2370,"En radiología industrial, las uniones a tope de tubos de diámetro pequeño, pueden inspeccionarse utilizando la técnica de doble pared, donde se examina en la misma placa la parte superior e inferior de la soldadura"
2371,"En la inspección por LP, pueden aparecer indicaciones falsas causadas por una geometría irregular de la pieza"
2372,Se denominan inclusiones endógenas a las generadas de forma accidental por errores del proceso
2373,"Las propiedades mecánicas de dureza, resistencia, alargamiento y tenacidad, permiten verificar la aptitud del material para cumplir unas necesidades de procesamiento específicas"
2374,"En la inspección por LP, el aumento del tiempo de revelado favorece una mayor extracción del penetrante y una mejor delimitación de las indicaciones"
2375,La medida de la temperatura de precalentamiento es una inspección a realizar antes de la soldadura
2376,La forma primaria de conversión de energía al chocar los electrones contra el anticátodo produce calor
2377,En una barra de acero la velocidad de las ondas transversales es aproximadamente el doble que las ondas longitudinales
2378,"En radiología industrial, la radiación que ha sufrido alteración o cambio por el mecanismo de la absorción o difracción se denomina radiación secundaria, dispersa o difusa"
2379,El efecto fotoeléctrico es el responsable de la radiación difusa que se produce en la interacción de los rayos X con el metal examinado
2380,El bloque patrón N1 es el recomendado por la normativa ASME
2381,"El éxito de la aplicación de un END, requiere que la inspección pueda realizarse al ritmo de la producción"
2382,Enunciado El único método de magnetización que se puede usar en piezas fabricadas de aceros suaves con baja retentividad es el residual
2383,La película radiográfica requiere la interpretación de un objeto tridimensional sobre un soporte bidimensional
2384,Un decapado químico prolongado puede producir una corrosión excesiva a la pieza
2385,"El cálculo del alargamiento, en un ensayo de tracción, requiere medir los valores de las secciones inicial y final de la muestra rota"
2386,"Se dice que una pieza ha tenido un fallo primario cuando ha dejado de funcionar correctamente, estando las demás trabajando correctamente"
2387,El videoscopio es el sensor o pantalla donde se aprecian los picos obtenidos por ultrasonidos
2388,"En la inspección por LP, el tiempo que tarda la indicación en aparecer es un parámetro importante en su interpretación"
2389,La fuerza magnética de una bobina o solenoide aumenta con la intensidad de corriente que circula por ella
2390,"La medida del espesor de la capa de imprimación de una pintura epoxi con partículas de Zn sobre la estructura de un puente de acero al carbono, se puede realizar mediante corrientes inducidas"
2391,El fibroscopio es un tubo flexible utilizado en la inspección por partículas magnéticas
2392,Las corrientes inducidas no pueden detectar la presencia de martensita generada por deformación en chapas laminadas en frío de acero inoxidable austenítico
2393,El aumento de la producción por la utilización de los END se considera un beneficio económico indirecto
2394,"En la inspección por rayos X, se define exposición como la intensidad de radiación multiplicada por el tiempo durante el que actúa"
2395,La homologación de los soldadores está incluida en una fase del programa integrado de control de calidad
2396,"El fallo sufrido por una pieza por la inadecuada realización de las soldaduras, se clasifica como fallo por defecto de diseño"
2397,"En la inspección por ultrasonidos, la absorción, debida a la conversión directa de la energía acústica en calor, disminuye al aumentar la frecuencia"
2398,"En la inspección por ultrasonidos, la elección de la técnica operatoria dependerá de la morfología, orientación y posición de los posibles defectos"
2399,El análisis microscópico permite determinar porosidades y grietas
2400,"La imagen radiográfica puede distorsionar la forma del objeto original, en función de la posición relativa del foco emisor, el objeto y la película radiográfica"
2401,Según el efecto Compton un fotón al interaccionar con un electrón disminuye su longitud de onda
2402,Un LP viscoso tardará menos tiempo en penetrar en las discontinuidades que otro que sea más fluido
2403,"En la inspección por LP de una soldadura, si aparecen zonas extensas coloreadas o fluorescentes, significa que existe una concentración muy importante de defectos y la soldadura debe ser eliminada y vuelta a soldar"
2404,El ensayo Charpy proporciona una medida de la resiliencia de un material
2405,"En un ensayo de corrientes inducidas, la inductancia máxima conseguida en una pieza de Ni es superior a la obtenida en una pieza de Fe"
2406,"La dimensión del campo próximo de un palpador normal con un cristal piezoeléctrico de diámetro 8 mm, en donde se está utilizando la frecuencia de 2 MHz, en la inspección de una pieza de aluminio (velocidad del sonido 5100 m/s) es 6,27 mm"
2407,"En la inspección por ultrasonidos, el sulfato de litio se utiliza en aplicaciones donde la temperatura de la pieza inspeccionada es 70ºC o superior"
2408,El control de desviaciones es una fase del programa integrado de control de calidad
2409,"En un ensayo por PM, la intensidad del ""campo de fuga"" depende de la intensidad de la corriente de magnetización y no de la orientación de la discontinuidad con las líneas de fuerza del campo aplicado"
2410,"El acero quemado por un calentamiento excesivo, puede recuperarse con un tratamiento térmico de normalizado"
2411,Las capas duras cementadas previenen la formación de grietas de rectificado
2412,"Los penetrantes cuya base son hidrocarburos, pueden originar corrosión por picaduras en el aluminio cuando el lavado ha sido deficiente"
2413,"Los reveladores utilizados en la inspección por LP, deben ser fácilmente eliminables"
2414,Una de los requisitos necesarios para el éxito de la aplicación de un ensayo no destructivo es que los resultados no sean afectados por el juicio del operador
2415,"En un ensayo de corrientes inducidas, se define profundidad estándar de penetración a aquella a la que la densidad de las corrientes se reduce al 37% de la densidad en la superficie"
2416,"El código ASME, Sección V, recomienda para una correcta detección de las indicaciones, que las películas radiográficas alcancen una densidad entre 2 y 4 si se han realizado con radiación gamma"
2417,La tensión superficial no depende del material sobre el que se aplique el líquido
2418,"El fallo de un material se define como la pérdida de integridad o capacidad de cumplir con su función, causada por su deterioro o destrucción"
2419,"La mayoría de las normas de inspección visual contienen requisitos para garantizar la detectabilidad de las discontinuidades, como la intensidad de iluminación y el ángulo de observación"
2420,"Generalmente, el mejor método de ensayo ultrasónico para detectar discontinuidades orientadas a lo largo de la zona de fusión de una chapa soldada a tope en prolongación es un ensayo de contacto empleando una onda longitudinal recta"
2421,"El fallo sufrido por una pieza por presencia excesiva de inclusiones o poros, se clasifica como fallo por tratamiento térmico defectuoso"
2422,La presencia de azufre en los aceros favorece el fenómeno de agrietamiento en caliente
2423,La inspección por corrientes inducidas puede utilizarse para detectar grietas en metales no magnéticos
2424,"En la inspección por ultrasonidos, cualquier heterogeneidad presente en un material constituye un obstáculo para la onda acústica, y su presencia se pondrá de manifiesto por su “sombra” cuando se emplea el método de impulso-eco"
2425,El grado de ennegrecimiento de una película expuesta a la acción de una radiación gamma se denomina densidad fotográfica
2426,"El poder de penetración de la radiación beta es pequeño, pero superior al de la radiación alfa"
2427,"Si la distancia foco-pieza en una inspección radiográfica se triplica, el tiempo de exposición se deberá multiplicar por 6 para obtener idénticas propiedades en la placa radiográfica"
2428,El decapado químico forma en la superficie del metal una capa de óxido resistente a la corrosión
2429,"En la transmisión de ondas ultrasónicas con incidencia angular, la relación entre las direcciones de las ondas reflejadas y transmitidas vienen dadas por la ley de Snell"
2430,En el anticátodo de un tubo de rayos X la mayor parte de la energía de los electrones incidentes se transforma en radiación X
2431,"Si una onda ultrasónica incide perpendicularmente sobre una intercara plana que separa dos medios diferentes, una parte de la onda se propaga en el segundo medio y se denomina onda refractada"
2432,Ensayo es una operación técnica que nos dice si un material es o no defectuoso
2433,una pequeña deformación en caliente puede producir la rotura Se dice que el metal es frágil en caliente
2434,A las ondas ultrasónicas longitudinales se las llama también ondas de densidad
2435,La impedancia acústica es una constante del material
2436,Los códigos y normas exigen “a priori” cero defectos en el equipo o la pieza inspeccionada
2437,"El código ASME, Sección V, recomienda para una correcta detección de las indicaciones, que las películas radiográficas alcancen una densidad entre 1 y 3 si se han realizado con radiación X"
2438,"En un ensayo de corrientes inducidas, las bobinas de inspección se diseñan para que las corrientes inducidas encuentren en sentido perpendicular los defectos buscados, de forma que la distorsión producida sea máxima"
2439,"En un ensayo de corrientes inducidas, el modo diferencial detectará mejor las pequeñas variaciones dimensionales en diámetro o espesor en tuberías que el modo absoluto"
2440,"La intensidad acústica (I) que se define como la cantidad de energía que pasa por unidad de área en la unidad de tiempo, tiene las unidades: W"
2441,La descarburación de un acero aleado puede producirse durante el conformado en caliente
2442,"En un ensayo de corrientes inducidas, se utilizan frecuencias menores para inspeccionar los metales no magnéticos que las utilizadas para los materiales magnéticos"
2443,"Los reveladores utilizados en la inspección por LP, tienden a disminuir el tamaño de la indicación"
2444,"el fallo sufrido por una pieza por limpieza insuficiente, se clasifica como fallo funcional"
2445,evaluar una indicación es decidir cuándo una heterogeneidad o característica del material afecta a su empleo
2446,"En un ensayo de corrientes inducidas, la mayoría de las inspecciones de materiales no magnéticos se realizan a frecuencias del orden de kilohercios"
2447,Se dice que una pieza ha tenido un fallo secundario cuano ha sufrido una deformación excesiva
2448,Los métodos de ensayo destructivos utilizan un control de calidad estadístico
2449,En la industria aeronáutica se utilizan boroscopios para verificar el ajuste y colocación de dispositivos de cierre en lugares de difícil accesibilidad
2450,"En un ensayo por PM, el “campo de fuga” es la zona donde se acumulan las partículas secas"
2451,"En la inspección por ultrasonidos, la duración del impulso emitido por el palpador es del orden de 3.10-6 s"
2452,"La inspección por líquidos penetrantes de la presencia de grietas en la pasada de raíz de una soldadura, se considera una inspección realizada durante la soldadura"
2453,La fuerza magnética de una bobina o solenoide aumenta con la intensidad de corriente que circula por ella
2454,El método de transparencia de ensayo por ultrasonidos se basa en el análisis de la señal reflejada
2455,El tiempo de emulsificación en los LP postemulsificables suele variar entre 3 y 5 minutos
2456,"Si suponemos que la velocidad del sonido en una barra de aluminio es 6400 m/s y su densidad 2,7 Kg/m3 su impedancia acústica tendrá un valor de 2.370 m2 Kg-1 s-1"
2457,"Si suponemos que la velocidad del sonido en una barra de aluminio es 6400 m/s y su densidad 2,7 Kg/m3 su impedancia acústica tendrá un valor de 17.280 Kg m-2 s-1"
2458,Las películas radiográficas industriales Tipo 3 (rápidas) tienen un contraste muy alto
2459,"En la inspección por ultrasonidos, la dispersión, debida a materiales no homogéneos con irregularidades (inclusiones, precipitados, fases distintas, límites de grano, etc.), para evaluar la presencia de heterogeneidades, utiliza el método de transparencia"
2460,"En la inspección por rayos X, la radiación secundaria se produce tanto en el propio objeto que se radiografía, como en todos los cuerpos (soportes, suelo, muros, techo, etc.) situados en sus proximidades"